[0.000000] (-) TimerEvent: {}
[0.000273] (status_interfaces) JobQueued: {'identifier': 'status_interfaces', 'dependencies': OrderedDict()}
[0.000305] (status_display) JobQueued: {'identifier': 'status_display', 'dependencies': OrderedDict([('status_interfaces', '/home/zsy/sy_git/ROS2/CHAPT3_WS/topic_practice_ws/install/status_interfaces')])}
[0.000360] (status_publisher) JobQueued: {'identifier': 'status_publisher', 'dependencies': OrderedDict([('status_interfaces', '/home/zsy/sy_git/ROS2/CHAPT3_WS/topic_practice_ws/install/status_interfaces')])}
[0.000379] (status_interfaces) JobStarted: {'identifier': 'status_interfaces'}
[0.005708] (status_interfaces) JobProgress: {'identifier': 'status_interfaces', 'progress': 'cmake'}
[0.005741] (status_interfaces) Command: {'cmd': ['/usr/bin/cmake', '/home/zsy/sy_git/ROS2/CHAPT3_WS/topic_practice_ws/src/status_interfaces', '-DCMAKE_INSTALL_PREFIX=/home/zsy/sy_git/ROS2/CHAPT3_WS/topic_practice_ws/install/status_interfaces'], 'cwd': '/home/zsy/sy_git/ROS2/CHAPT3_WS/topic_practice_ws/build/status_interfaces', 'env': OrderedDict([('GJS_DEBUG_TOPICS', 'JS ERROR;JS LOG'), ('LESSOPEN', '| /usr/bin/lesspipe %s'), ('LANGUAGE', 'zh_CN:en_US:en'), ('USER', 'zsy'), ('LC_TIME', 'zh_CN.UTF-8'), ('GIO_MODULE_DIR', '/home/zsy/snap/code/common/.cache/gio-modules'), ('XDG_SESSION_TYPE', 'wayland'), ('GIT_ASKPASS', '/snap/code/174/usr/share/code/resources/app/extensions/git/dist/askpass.sh'), ('GTK_EXE_PREFIX_VSCODE_SNAP_ORIG', ''), ('GDK_BACKEND_VSCODE_SNAP_ORIG', ''), ('SHLVL', '1'), ('LD_LIBRARY_PATH', '/home/zsy/sy_git/ROS2/CHAPT3_WS/topic_practice_ws/install/status_interfaces/lib:/opt/ros/humble/opt/rviz_ogre_vendor/lib:/opt/ros/humble/lib/x86_64-linux-gnu:/opt/ros/humble/lib'), ('HOME', '/home/zsy'), ('CHROME_DESKTOP', 'code.desktop'), ('LOCPATH_VSCODE_SNAP_ORIG', ''), ('TERM_PROGRAM_VERSION', '1.95.1'), ('DESKTOP_SESSION', 'ubuntu'), ('GTK_PATH', '/snap/code/174/usr/lib/x86_64-linux-gnu/gtk-3.0'), ('GTK_IM_MODULE_FILE', '/home/zsy/snap/code/common/.cache/immodules/immodules.cache'), ('GIO_LAUNCHED_DESKTOP_FILE', '/var/lib/snapd/desktop/applications/code_code.desktop'), ('ROS_PYTHON_VERSION', '3'), ('GNOME_SHELL_SESSION_MODE', 'ubuntu'), ('GTK_MODULES', 'gail:atk-bridge'), ('GSETTINGS_SCHEMA_DIR_VSCODE_SNAP_ORIG', ''), ('VSCODE_GIT_ASKPASS_MAIN', '/snap/code/174/usr/share/code/resources/app/extensions/git/dist/askpass-main.js'), ('LC_MONETARY', 'zh_CN.UTF-8'), ('VSCODE_GIT_ASKPASS_NODE', '/snap/code/174/usr/share/code/code'), ('MANAGERPID', '1812'), ('SYSTEMD_EXEC_PID', '1994'), ('IM_CONFIG_CHECK_ENV', '1'), ('DBUS_SESSION_BUS_ADDRESS', 'unix:path=/run/user/1000/bus'), ('COLORTERM', 'truecolor'), ('GIO_LAUNCHED_DESKTOP_FILE_PID', '13212'), ('IM_CONFIG_PHASE', '1'), ('WAYLAND_DISPLAY', 'wayland-0'), ('COLCON_PREFIX_PATH', '/home/zsy/sy_git/ROS2/CHAPT3_WS/topic_practice_ws/install'), ('ROS_DISTRO', 'humble'), ('LOGNAME', 'zsy'), ('JOURNAL_STREAM', '8:27789'), ('_', '/usr/bin/colcon'), ('ROS_VERSION', '2'), ('XDG_CONFIG_DIRS_VSCODE_SNAP_ORIG', '/etc/xdg/xdg-ubuntu:/etc/xdg'), ('XDG_SESSION_CLASS', 'user'), ('XDG_DATA_DIRS_VSCODE_SNAP_ORIG', '/usr/share/ubuntu:/usr/local/share/:/usr/share/:/var/lib/snapd/desktop'), ('USERNAME', 'zsy'), ('TERM', 'xterm-256color'), ('GNOME_DESKTOP_SESSION_ID', 'this-is-deprecated'), ('ROS_LOCALHOST_ONLY', '0'), ('PATH', '/opt/ros/humble/bin:/usr/local/sbin:/usr/local/bin:/usr/sbin:/usr/bin:/sbin:/bin:/usr/games:/usr/local/games:/snap/bin:/snap/bin'), ('SESSION_MANAGER', 'local/zsy:@/tmp/.ICE-unix/1966,unix/zsy:/tmp/.ICE-unix/1966'), ('GTK_EXE_PREFIX', '/snap/code/174/usr'), ('INVOCATION_ID', '8602ecc12bab47ff9ca2a1f21fb3b74d'), ('PAPERSIZE', 'a4'), ('XDG_MENU_PREFIX', 'gnome-'), ('LC_ADDRESS', 'zh_CN.UTF-8'), ('BAMF_DESKTOP_FILE_HINT', '/var/lib/snapd/desktop/applications/code_code.desktop'), ('GNOME_SETUP_DISPLAY', ':1'), ('XDG_RUNTIME_DIR', '/run/user/1000'), ('GDK_BACKEND', 'x11'), ('DISPLAY', ':0'), ('LOCPATH', '/snap/code/174/usr/lib/locale'), ('LANG', 'zh_CN.UTF-8'), ('XDG_CURRENT_DESKTOP', 'Unity'), ('LC_TELEPHONE', 'zh_CN.UTF-8'), ('GIO_MODULE_DIR_VSCODE_SNAP_ORIG', ''), ('XDG_DATA_HOME', '/home/zsy/snap/code/174/.local/share'), ('XMODIFIERS', '@im=ibus'), ('XDG_SESSION_DESKTOP', 'ubuntu'), ('XAUTHORITY', '/run/user/1000/.mutter-Xwaylandauth.VGA6W2'), ('LS_COLORS', 'rs=0:di=01;34:ln=01;36:mh=00:pi=40;33:so=01;35:do=01;35:bd=40;33;01:cd=40;33;01:or=40;31;01:mi=00:su=37;41:sg=30;43:ca=30;41:tw=30;42:ow=34;42:st=37;44:ex=01;32:*.tar=01;31:*.tgz=01;31:*.arc=01;31:*.arj=01;31:*.taz=01;31:*.lha=01;31:*.lz4=01;31:*.lzh=01;31:*.lzma=01;31:*.tlz=01;31:*.txz=01;31:*.tzo=01;31:*.t7z=01;31:*.zip=01;31:*.z=01;31:*.dz=01;31:*.gz=01;31:*.lrz=01;31:*.lz=01;31:*.lzo=01;31:*.xz=01;31:*.zst=01;31:*.tzst=01;31:*.bz2=01;31:*.bz=01;31:*.tbz=01;31:*.tbz2=01;31:*.tz=01;31:*.deb=01;31:*.rpm=01;31:*.jar=01;31:*.war=01;31:*.ear=01;31:*.sar=01;31:*.rar=01;31:*.alz=01;31:*.ace=01;31:*.zoo=01;31:*.cpio=01;31:*.7z=01;31:*.rz=01;31:*.cab=01;31:*.wim=01;31:*.swm=01;31:*.dwm=01;31:*.esd=01;31:*.jpg=01;35:*.jpeg=01;35:*.mjpg=01;35:*.mjpeg=01;35:*.gif=01;35:*.bmp=01;35:*.pbm=01;35:*.pgm=01;35:*.ppm=01;35:*.tga=01;35:*.xbm=01;35:*.xpm=01;35:*.tif=01;35:*.tiff=01;35:*.png=01;35:*.svg=01;35:*.svgz=01;35:*.mng=01;35:*.pcx=01;35:*.mov=01;35:*.mpg=01;35:*.mpeg=01;35:*.m2v=01;35:*.mkv=01;35:*.webm=01;35:*.webp=01;35:*.ogm=01;35:*.mp4=01;35:*.m4v=01;35:*.mp4v=01;35:*.vob=01;35:*.qt=01;35:*.nuv=01;35:*.wmv=01;35:*.asf=01;35:*.rm=01;35:*.rmvb=01;35:*.flc=01;35:*.avi=01;35:*.fli=01;35:*.flv=01;35:*.gl=01;35:*.dl=01;35:*.xcf=01;35:*.xwd=01;35:*.yuv=01;35:*.cgm=01;35:*.emf=01;35:*.ogv=01;35:*.ogx=01;35:*.aac=00;36:*.au=00;36:*.flac=00;36:*.m4a=00;36:*.mid=00;36:*.midi=00;36:*.mka=00;36:*.mp3=00;36:*.mpc=00;36:*.ogg=00;36:*.ra=00;36:*.wav=00;36:*.oga=00;36:*.opus=00;36:*.spx=00;36:*.xspf=00;36:'), ('VSCODE_GIT_IPC_HANDLE', '/run/user/1000/vscode-git-ad11f07be2.sock'), ('TERM_PROGRAM', 'vscode'), ('SSH_AGENT_LAUNCHER', 'gnome-keyring'), ('SSH_AUTH_SOCK', '/run/user/1000/keyring/ssh'), ('GSETTINGS_SCHEMA_DIR', '/home/zsy/snap/code/174/.local/share/glib-2.0/schemas'), ('AMENT_PREFIX_PATH', '/home/zsy/sy_git/ROS2/CHAPT3_WS/topic_practice_ws/install/status_publisher:/home/zsy/sy_git/ROS2/CHAPT3_WS/topic_practice_ws/install/status_display:/home/zsy/sy_git/ROS2/CHAPT3_WS/topic_practice_ws/install/status_interfaces:/opt/ros/humble'), ('ORIGINAL_XDG_CURRENT_DESKTOP', 'ubuntu:GNOME'), ('SHELL', '/bin/bash'), ('LC_NAME', 'zh_CN.UTF-8'), ('QT_ACCESSIBILITY', '1'), ('GDMSESSION', 'ubuntu'), ('LESSCLOSE', '/usr/bin/lesspipe %s %s'), ('GTK_PATH_VSCODE_SNAP_ORIG', ''), ('GTK_IM_MODULE_FILE_VSCODE_SNAP_ORIG', ''), ('LC_MEASUREMENT', 'zh_CN.UTF-8'), ('GJS_DEBUG_OUTPUT', 'stderr'), ('LC_IDENTIFICATION', 'zh_CN.UTF-8'), ('VSCODE_GIT_ASKPASS_EXTRA_ARGS', ''), ('QT_IM_MODULE', 'ibus'), ('PWD', '/home/zsy/sy_git/ROS2/CHAPT3_WS/topic_practice_ws/build/status_interfaces'), ('LC_ALL', 'en_US.UTF-8'), ('XDG_CONFIG_DIRS', '/etc/xdg/xdg-ubuntu:/etc/xdg'), ('XDG_DATA_DIRS', '/home/zsy/snap/code/174/.local/share:/home/zsy/snap/code/174:/snap/code/174/usr/share:/usr/share/ubuntu:/usr/local/share/:/usr/share/:/var/lib/snapd/desktop'), ('PYTHONPATH', '/home/zsy/sy_git/ROS2/CHAPT3_WS/topic_practice_ws/install/status_publisher/lib/python3.10/site-packages:/home/zsy/sy_git/ROS2/CHAPT3_WS/topic_practice_ws/install/status_interfaces/local/lib/python3.10/dist-packages:/opt/ros/humble/lib/python3.10/site-packages:/opt/ros/humble/local/lib/python3.10/dist-packages'), ('LC_NUMERIC', 'zh_CN.UTF-8'), ('LC_PAPER', 'zh_CN.UTF-8'), ('COLCON', '1'), ('CMAKE_PREFIX_PATH', '/home/zsy/sy_git/ROS2/CHAPT3_WS/topic_practice_ws/install/status_display:/home/zsy/sy_git/ROS2/CHAPT3_WS/topic_practice_ws/install/status_interfaces:/home/zsy/sy_git/ROS2/CHAPT3_WS/topic_practice_ws/install/status_publisher:/opt/ros/humble')]), 'shell': False}
[0.046147] (status_interfaces) StdoutLine: {'line': b'-- The C compiler identification is GNU 11.4.0\n'}
[0.084599] (status_interfaces) StdoutLine: {'line': b'-- The CXX compiler identification is GNU 11.4.0\n'}
[0.089553] (status_interfaces) StdoutLine: {'line': b'-- Detecting C compiler ABI info\n'}
[0.100026] (-) TimerEvent: {}
[0.143145] (status_interfaces) StdoutLine: {'line': b'-- Detecting C compiler ABI info - done\n'}
[0.146051] (status_interfaces) StdoutLine: {'line': b'-- Check for working C compiler: /usr/bin/cc - skipped\n'}
[0.146234] (status_interfaces) StdoutLine: {'line': b'-- Detecting C compile features\n'}
[0.146457] (status_interfaces) StdoutLine: {'line': b'-- Detecting C compile features - done\n'}
[0.148300] (status_interfaces) StdoutLine: {'line': b'-- Detecting CXX compiler ABI info\n'}
[0.200924] (-) TimerEvent: {}
[0.207989] (status_interfaces) StdoutLine: {'line': b'-- Detecting CXX compiler ABI info - done\n'}
[0.212049] (status_interfaces) StdoutLine: {'line': b'-- Check for working CXX compiler: /usr/bin/c++ - skipped\n'}
[0.212918] (status_interfaces) StdoutLine: {'line': b'-- Detecting CXX compile features\n'}
[0.212966] (status_interfaces) StdoutLine: {'line': b'-- Detecting CXX compile features - done\n'}
[0.214279] (status_interfaces) StdoutLine: {'line': b'-- Found ament_cmake: 1.3.10 (/opt/ros/humble/share/ament_cmake/cmake)\n'}
[0.299712] (status_interfaces) StdoutLine: {'line': b'-- Found Python3: /usr/bin/python3 (found version "3.10.12") found components: Interpreter \n'}
[0.300990] (-) TimerEvent: {}
[0.354460] (status_interfaces) StdoutLine: {'line': b'-- Found builtin_interfaces: 1.2.1 (/opt/ros/humble/share/builtin_interfaces/cmake)\n'}
[0.370865] (status_interfaces) StdoutLine: {'line': b'-- Found rosidl_generator_c: 3.1.5 (/opt/ros/humble/share/rosidl_generator_c/cmake)\n'}
[0.373690] (status_interfaces) StdoutLine: {'line': b'-- Found rosidl_adapter: 3.1.5 (/opt/ros/humble/share/rosidl_adapter/cmake)\n'}
[0.378653] (status_interfaces) StdoutLine: {'line': b'-- Found rosidl_generator_cpp: 3.1.5 (/opt/ros/humble/share/rosidl_generator_cpp/cmake)\n'}
[0.385972] (status_interfaces) StdoutLine: {'line': b'-- Using all available rosidl_typesupport_c: rosidl_typesupport_fastrtps_c;rosidl_typesupport_introspection_c\n'}
[0.397059] (status_interfaces) StdoutLine: {'line': b'-- Using all available rosidl_typesupport_cpp: rosidl_typesupport_fastrtps_cpp;rosidl_typesupport_introspection_cpp\n'}
[0.401284] (-) TimerEvent: {}
[0.402325] (status_interfaces) StdoutLine: {'line': b'-- Found rosidl_default_generators: 1.2.0 (/opt/ros/humble/share/rosidl_default_generators/cmake)\n'}
[0.503415] (-) TimerEvent: {}
[0.558015] (status_interfaces) StdoutLine: {'line': b'-- Found ament_cmake_ros: 0.10.0 (/opt/ros/humble/share/ament_cmake_ros/cmake)\n'}
[0.604437] (-) TimerEvent: {}
[0.704932] (-) TimerEvent: {}
[0.745027] (status_interfaces) StdoutLine: {'line': b'-- Using all available rosidl_typesupport_c: rosidl_typesupport_fastrtps_c;rosidl_typesupport_introspection_c\n'}
[0.805439] (-) TimerEvent: {}
[0.815155] (status_interfaces) StdoutLine: {'line': b'-- Using all available rosidl_typesupport_cpp: rosidl_typesupport_fastrtps_cpp;rosidl_typesupport_introspection_cpp\n'}
[0.828567] (status_interfaces) StdoutLine: {'line': b'-- Found PythonInterp: /usr/bin/python3 (found suitable version "3.10.12", minimum required is "3.6") \n'}
[0.830137] (status_interfaces) StdoutLine: {'line': b'-- Found python_cmake_module: 0.10.0 (/opt/ros/humble/share/python_cmake_module/cmake)\n'}
[0.845563] (status_interfaces) StdoutLine: {'line': b'-- Found PythonLibs: /usr/lib/x86_64-linux-gnu/libpython3.10.so (found suitable version "3.10.12", minimum required is "3.5") \n'}
[0.845716] (status_interfaces) StdoutLine: {'line': b'-- Using PYTHON_EXECUTABLE: /usr/bin/python3\n'}
[0.845750] (status_interfaces) StdoutLine: {'line': b'-- Using PYTHON_INCLUDE_DIRS: /usr/include/python3.10\n'}
[0.845776] (status_interfaces) StdoutLine: {'line': b'-- Using PYTHON_LIBRARIES: /usr/lib/x86_64-linux-gnu/libpython3.10.so\n'}
[0.859237] (status_interfaces) StdoutLine: {'line': b'-- Found PythonExtra: .so  \n'}
[0.879232] (status_interfaces) StdoutLine: {'line': b'-- Found ament_lint_auto: 0.12.11 (/opt/ros/humble/share/ament_lint_auto/cmake)\n'}
[0.890044] (status_interfaces) StdoutLine: {'line': b"-- Added test 'lint_cmake' to check CMake code style\n"}
[0.891293] (status_interfaces) StdoutLine: {'line': b"-- Added test 'xmllint' to check XML markup files\n"}
[0.893729] (status_interfaces) StdoutLine: {'line': b'-- Configuring done\n'}
[0.905570] (-) TimerEvent: {}
[0.924068] (status_interfaces) StdoutLine: {'line': b'-- Generating done\n'}
[0.924212] (status_interfaces) StdoutLine: {'line': b'-- Build files have been written to: /home/zsy/sy_git/ROS2/CHAPT3_WS/topic_practice_ws/build/status_interfaces\n'}
[0.926229] (status_interfaces) CommandEnded: {'returncode': 0}
[0.926707] (status_interfaces) JobProgress: {'identifier': 'status_interfaces', 'progress': 'build'}
[0.927351] (status_interfaces) Command: {'cmd': ['/usr/bin/cmake', '--build', '/home/zsy/sy_git/ROS2/CHAPT3_WS/topic_practice_ws/build/status_interfaces', '--', '-j4', '-l4'], 'cwd': '/home/zsy/sy_git/ROS2/CHAPT3_WS/topic_practice_ws/build/status_interfaces', 'env': OrderedDict([('GJS_DEBUG_TOPICS', 'JS ERROR;JS LOG'), ('LESSOPEN', '| /usr/bin/lesspipe %s'), ('LANGUAGE', 'zh_CN:en_US:en'), ('USER', 'zsy'), ('LC_TIME', 'zh_CN.UTF-8'), ('GIO_MODULE_DIR', '/home/zsy/snap/code/common/.cache/gio-modules'), ('XDG_SESSION_TYPE', 'wayland'), ('GIT_ASKPASS', '/snap/code/174/usr/share/code/resources/app/extensions/git/dist/askpass.sh'), ('GTK_EXE_PREFIX_VSCODE_SNAP_ORIG', ''), ('GDK_BACKEND_VSCODE_SNAP_ORIG', ''), ('SHLVL', '1'), ('LD_LIBRARY_PATH', '/home/zsy/sy_git/ROS2/CHAPT3_WS/topic_practice_ws/install/status_interfaces/lib:/opt/ros/humble/opt/rviz_ogre_vendor/lib:/opt/ros/humble/lib/x86_64-linux-gnu:/opt/ros/humble/lib'), ('HOME', '/home/zsy'), ('CHROME_DESKTOP', 'code.desktop'), ('LOCPATH_VSCODE_SNAP_ORIG', ''), ('TERM_PROGRAM_VERSION', '1.95.1'), ('DESKTOP_SESSION', 'ubuntu'), ('GTK_PATH', '/snap/code/174/usr/lib/x86_64-linux-gnu/gtk-3.0'), ('GTK_IM_MODULE_FILE', '/home/zsy/snap/code/common/.cache/immodules/immodules.cache'), ('GIO_LAUNCHED_DESKTOP_FILE', '/var/lib/snapd/desktop/applications/code_code.desktop'), ('ROS_PYTHON_VERSION', '3'), ('GNOME_SHELL_SESSION_MODE', 'ubuntu'), ('GTK_MODULES', 'gail:atk-bridge'), ('GSETTINGS_SCHEMA_DIR_VSCODE_SNAP_ORIG', ''), ('VSCODE_GIT_ASKPASS_MAIN', '/snap/code/174/usr/share/code/resources/app/extensions/git/dist/askpass-main.js'), ('LC_MONETARY', 'zh_CN.UTF-8'), ('VSCODE_GIT_ASKPASS_NODE', '/snap/code/174/usr/share/code/code'), ('MANAGERPID', '1812'), ('SYSTEMD_EXEC_PID', '1994'), ('IM_CONFIG_CHECK_ENV', '1'), ('DBUS_SESSION_BUS_ADDRESS', 'unix:path=/run/user/1000/bus'), ('COLORTERM', 'truecolor'), ('GIO_LAUNCHED_DESKTOP_FILE_PID', '13212'), ('IM_CONFIG_PHASE', '1'), ('WAYLAND_DISPLAY', 'wayland-0'), ('COLCON_PREFIX_PATH', '/home/zsy/sy_git/ROS2/CHAPT3_WS/topic_practice_ws/install'), ('ROS_DISTRO', 'humble'), ('LOGNAME', 'zsy'), ('JOURNAL_STREAM', '8:27789'), ('_', '/usr/bin/colcon'), ('ROS_VERSION', '2'), ('XDG_CONFIG_DIRS_VSCODE_SNAP_ORIG', '/etc/xdg/xdg-ubuntu:/etc/xdg'), ('XDG_SESSION_CLASS', 'user'), ('XDG_DATA_DIRS_VSCODE_SNAP_ORIG', '/usr/share/ubuntu:/usr/local/share/:/usr/share/:/var/lib/snapd/desktop'), ('USERNAME', 'zsy'), ('TERM', 'xterm-256color'), ('GNOME_DESKTOP_SESSION_ID', 'this-is-deprecated'), ('ROS_LOCALHOST_ONLY', '0'), ('PATH', '/opt/ros/humble/bin:/usr/local/sbin:/usr/local/bin:/usr/sbin:/usr/bin:/sbin:/bin:/usr/games:/usr/local/games:/snap/bin:/snap/bin'), ('SESSION_MANAGER', 'local/zsy:@/tmp/.ICE-unix/1966,unix/zsy:/tmp/.ICE-unix/1966'), ('GTK_EXE_PREFIX', '/snap/code/174/usr'), ('INVOCATION_ID', '8602ecc12bab47ff9ca2a1f21fb3b74d'), ('PAPERSIZE', 'a4'), ('XDG_MENU_PREFIX', 'gnome-'), ('LC_ADDRESS', 'zh_CN.UTF-8'), ('BAMF_DESKTOP_FILE_HINT', '/var/lib/snapd/desktop/applications/code_code.desktop'), ('GNOME_SETUP_DISPLAY', ':1'), ('XDG_RUNTIME_DIR', '/run/user/1000'), ('GDK_BACKEND', 'x11'), ('DISPLAY', ':0'), ('LOCPATH', '/snap/code/174/usr/lib/locale'), ('LANG', 'zh_CN.UTF-8'), ('XDG_CURRENT_DESKTOP', 'Unity'), ('LC_TELEPHONE', 'zh_CN.UTF-8'), ('GIO_MODULE_DIR_VSCODE_SNAP_ORIG', ''), ('XDG_DATA_HOME', '/home/zsy/snap/code/174/.local/share'), ('XMODIFIERS', '@im=ibus'), ('XDG_SESSION_DESKTOP', 'ubuntu'), ('XAUTHORITY', '/run/user/1000/.mutter-Xwaylandauth.VGA6W2'), ('LS_COLORS', 'rs=0:di=01;34:ln=01;36:mh=00:pi=40;33:so=01;35:do=01;35:bd=40;33;01:cd=40;33;01:or=40;31;01:mi=00:su=37;41:sg=30;43:ca=30;41:tw=30;42:ow=34;42:st=37;44:ex=01;32:*.tar=01;31:*.tgz=01;31:*.arc=01;31:*.arj=01;31:*.taz=01;31:*.lha=01;31:*.lz4=01;31:*.lzh=01;31:*.lzma=01;31:*.tlz=01;31:*.txz=01;31:*.tzo=01;31:*.t7z=01;31:*.zip=01;31:*.z=01;31:*.dz=01;31:*.gz=01;31:*.lrz=01;31:*.lz=01;31:*.lzo=01;31:*.xz=01;31:*.zst=01;31:*.tzst=01;31:*.bz2=01;31:*.bz=01;31:*.tbz=01;31:*.tbz2=01;31:*.tz=01;31:*.deb=01;31:*.rpm=01;31:*.jar=01;31:*.war=01;31:*.ear=01;31:*.sar=01;31:*.rar=01;31:*.alz=01;31:*.ace=01;31:*.zoo=01;31:*.cpio=01;31:*.7z=01;31:*.rz=01;31:*.cab=01;31:*.wim=01;31:*.swm=01;31:*.dwm=01;31:*.esd=01;31:*.jpg=01;35:*.jpeg=01;35:*.mjpg=01;35:*.mjpeg=01;35:*.gif=01;35:*.bmp=01;35:*.pbm=01;35:*.pgm=01;35:*.ppm=01;35:*.tga=01;35:*.xbm=01;35:*.xpm=01;35:*.tif=01;35:*.tiff=01;35:*.png=01;35:*.svg=01;35:*.svgz=01;35:*.mng=01;35:*.pcx=01;35:*.mov=01;35:*.mpg=01;35:*.mpeg=01;35:*.m2v=01;35:*.mkv=01;35:*.webm=01;35:*.webp=01;35:*.ogm=01;35:*.mp4=01;35:*.m4v=01;35:*.mp4v=01;35:*.vob=01;35:*.qt=01;35:*.nuv=01;35:*.wmv=01;35:*.asf=01;35:*.rm=01;35:*.rmvb=01;35:*.flc=01;35:*.avi=01;35:*.fli=01;35:*.flv=01;35:*.gl=01;35:*.dl=01;35:*.xcf=01;35:*.xwd=01;35:*.yuv=01;35:*.cgm=01;35:*.emf=01;35:*.ogv=01;35:*.ogx=01;35:*.aac=00;36:*.au=00;36:*.flac=00;36:*.m4a=00;36:*.mid=00;36:*.midi=00;36:*.mka=00;36:*.mp3=00;36:*.mpc=00;36:*.ogg=00;36:*.ra=00;36:*.wav=00;36:*.oga=00;36:*.opus=00;36:*.spx=00;36:*.xspf=00;36:'), ('VSCODE_GIT_IPC_HANDLE', '/run/user/1000/vscode-git-ad11f07be2.sock'), ('TERM_PROGRAM', 'vscode'), ('SSH_AGENT_LAUNCHER', 'gnome-keyring'), ('SSH_AUTH_SOCK', '/run/user/1000/keyring/ssh'), ('GSETTINGS_SCHEMA_DIR', '/home/zsy/snap/code/174/.local/share/glib-2.0/schemas'), ('AMENT_PREFIX_PATH', '/home/zsy/sy_git/ROS2/CHAPT3_WS/topic_practice_ws/install/status_publisher:/home/zsy/sy_git/ROS2/CHAPT3_WS/topic_practice_ws/install/status_display:/home/zsy/sy_git/ROS2/CHAPT3_WS/topic_practice_ws/install/status_interfaces:/opt/ros/humble'), ('ORIGINAL_XDG_CURRENT_DESKTOP', 'ubuntu:GNOME'), ('SHELL', '/bin/bash'), ('LC_NAME', 'zh_CN.UTF-8'), ('QT_ACCESSIBILITY', '1'), ('GDMSESSION', 'ubuntu'), ('LESSCLOSE', '/usr/bin/lesspipe %s %s'), ('GTK_PATH_VSCODE_SNAP_ORIG', ''), ('GTK_IM_MODULE_FILE_VSCODE_SNAP_ORIG', ''), ('LC_MEASUREMENT', 'zh_CN.UTF-8'), ('GJS_DEBUG_OUTPUT', 'stderr'), ('LC_IDENTIFICATION', 'zh_CN.UTF-8'), ('VSCODE_GIT_ASKPASS_EXTRA_ARGS', ''), ('QT_IM_MODULE', 'ibus'), ('PWD', '/home/zsy/sy_git/ROS2/CHAPT3_WS/topic_practice_ws/build/status_interfaces'), ('LC_ALL', 'en_US.UTF-8'), ('XDG_CONFIG_DIRS', '/etc/xdg/xdg-ubuntu:/etc/xdg'), ('XDG_DATA_DIRS', '/home/zsy/snap/code/174/.local/share:/home/zsy/snap/code/174:/snap/code/174/usr/share:/usr/share/ubuntu:/usr/local/share/:/usr/share/:/var/lib/snapd/desktop'), ('PYTHONPATH', '/home/zsy/sy_git/ROS2/CHAPT3_WS/topic_practice_ws/install/status_publisher/lib/python3.10/site-packages:/home/zsy/sy_git/ROS2/CHAPT3_WS/topic_practice_ws/install/status_interfaces/local/lib/python3.10/dist-packages:/opt/ros/humble/lib/python3.10/site-packages:/opt/ros/humble/local/lib/python3.10/dist-packages'), ('LC_NUMERIC', 'zh_CN.UTF-8'), ('LC_PAPER', 'zh_CN.UTF-8'), ('COLCON', '1'), ('CMAKE_PREFIX_PATH', '/home/zsy/sy_git/ROS2/CHAPT3_WS/topic_practice_ws/install/status_display:/home/zsy/sy_git/ROS2/CHAPT3_WS/topic_practice_ws/install/status_interfaces:/home/zsy/sy_git/ROS2/CHAPT3_WS/topic_practice_ws/install/status_publisher:/opt/ros/humble')]), 'shell': False}
[0.960378] (status_interfaces) StdoutLine: {'line': b'[  3%] \x1b[34m\x1b[1mGenerating C code for ROS interfaces\x1b[0m\n'}
[0.966731] (status_interfaces) StdoutLine: {'line': b'[  6%] \x1b[34m\x1b[1mGenerating C++ code for ROS interfaces\x1b[0m\n'}
[0.973432] (status_interfaces) StdoutLine: {'line': b'[  6%] Built target ament_cmake_python_copy_status_interfaces\n'}
[1.006022] (-) TimerEvent: {}
[1.107327] (status_interfaces) StdoutLine: {'line': b'running egg_info\n'}
[1.107468] (-) TimerEvent: {}
[1.107552] (status_interfaces) StdoutLine: {'line': b'creating status_interfaces.egg-info\n'}
[1.107598] (status_interfaces) StdoutLine: {'line': b'writing status_interfaces.egg-info/PKG-INFO\n'}
[1.107625] (status_interfaces) StdoutLine: {'line': b'writing dependency_links to status_interfaces.egg-info/dependency_links.txt\n'}
[1.107649] (status_interfaces) StdoutLine: {'line': b'writing top-level names to status_interfaces.egg-info/top_level.txt\n'}
[1.107673] (status_interfaces) StdoutLine: {'line': b"writing manifest file 'status_interfaces.egg-info/SOURCES.txt'\n"}
[1.107695] (status_interfaces) StdoutLine: {'line': b"reading manifest file 'status_interfaces.egg-info/SOURCES.txt'\n"}
[1.107718] (status_interfaces) StdoutLine: {'line': b"writing manifest file 'status_interfaces.egg-info/SOURCES.txt'\n"}
[1.122837] (status_interfaces) StdoutLine: {'line': b'[  6%] Built target ament_cmake_python_build_status_interfaces_egg\n'}
[1.147594] (status_interfaces) StdoutLine: {'line': b'[  9%] \x1b[32mBuilding C object CMakeFiles/status_interfaces__rosidl_generator_c.dir/rosidl_generator_c/status_interfaces/msg/detail/system_status__functions.c.o\x1b[0m\n'}
[1.153987] (status_interfaces) StdoutLine: {'line': b'[  9%] Built target status_interfaces__cpp\n'}
[1.168861] (status_interfaces) StdoutLine: {'line': b'[ 12%] \x1b[34m\x1b[1mGenerating C++ type support for eProsima Fast-RTPS\x1b[0m\n'}
[1.172986] (status_interfaces) StdoutLine: {'line': b'[ 16%] \x1b[34m\x1b[1mGenerating C++ type support dispatch for ROS interfaces\x1b[0m\n'}
[1.173128] (status_interfaces) StdoutLine: {'line': b'[ 19%] \x1b[34m\x1b[1mGenerating C++ introspection for ROS interfaces\x1b[0m\n'}
[1.184513] (status_interfaces) StdoutLine: {'line': b'[ 22%] \x1b[32m\x1b[1mLinking C shared library libstatus_interfaces__rosidl_generator_c.so\x1b[0m\n'}
[1.207650] (-) TimerEvent: {}
[1.216776] (status_interfaces) StdoutLine: {'line': b'[ 22%] Built target status_interfaces__rosidl_generator_c\n'}
[1.225470] (status_interfaces) StdoutLine: {'line': b'[ 25%] \x1b[34m\x1b[1mGenerating C type support for eProsima Fast-RTPS\x1b[0m\n'}
[1.308341] (-) TimerEvent: {}
[1.377000] (status_interfaces) StdoutLine: {'line': b'[ 29%] \x1b[32mBuilding CXX object CMakeFiles/status_interfaces__rosidl_typesupport_cpp.dir/rosidl_typesupport_cpp/status_interfaces/msg/system_status__type_support.cpp.o\x1b[0m\n'}
[1.380120] (status_interfaces) StdoutLine: {'line': b'[ 32%] \x1b[32mBuilding CXX object CMakeFiles/status_interfaces__rosidl_typesupport_fastrtps_cpp.dir/rosidl_typesupport_fastrtps_cpp/status_interfaces/msg/detail/dds_fastrtps/system_status__type_support.cpp.o\x1b[0m\n'}
[1.382333] (status_interfaces) StdoutLine: {'line': b'[ 35%] \x1b[32mBuilding CXX object CMakeFiles/status_interfaces__rosidl_typesupport_introspection_cpp.dir/rosidl_typesupport_introspection_cpp/status_interfaces/msg/detail/system_status__type_support.cpp.o\x1b[0m\n'}
[1.409024] (-) TimerEvent: {}
[1.409452] (status_interfaces) StdoutLine: {'line': b'[ 38%] \x1b[32mBuilding CXX object CMakeFiles/status_interfaces__rosidl_typesupport_fastrtps_c.dir/rosidl_typesupport_fastrtps_c/status_interfaces/msg/detail/system_status__type_support_c.cpp.o\x1b[0m\n'}
[1.509186] (-) TimerEvent: {}
[1.550851] (status_interfaces) StdoutLine: {'line': b'[ 41%] \x1b[32m\x1b[1mLinking CXX shared library libstatus_interfaces__rosidl_typesupport_cpp.so\x1b[0m\n'}
[1.588806] (status_interfaces) StdoutLine: {'line': b'[ 41%] Built target status_interfaces__rosidl_typesupport_cpp\n'}
[1.599770] (status_interfaces) StdoutLine: {'line': b'[ 45%] \x1b[34m\x1b[1mGenerating C introspection for ROS interfaces\x1b[0m\n'}
[1.609509] (-) TimerEvent: {}
[1.714253] (-) TimerEvent: {}
[1.718292] (status_interfaces) StdoutLine: {'line': b'[ 48%] \x1b[32m\x1b[1mLinking CXX shared library libstatus_interfaces__rosidl_typesupport_fastrtps_c.so\x1b[0m\n'}
[1.744885] (status_interfaces) StdoutLine: {'line': b'[ 51%] \x1b[32m\x1b[1mLinking CXX shared library libstatus_interfaces__rosidl_typesupport_fastrtps_cpp.so\x1b[0m\n'}
[1.776278] (status_interfaces) StdoutLine: {'line': b'[ 54%] \x1b[32m\x1b[1mLinking CXX shared library libstatus_interfaces__rosidl_typesupport_introspection_cpp.so\x1b[0m\n'}
[1.787139] (status_interfaces) StdoutLine: {'line': b'[ 54%] Built target status_interfaces__rosidl_typesupport_fastrtps_c\n'}
[1.799878] (status_interfaces) StdoutLine: {'line': b'[ 58%] \x1b[34m\x1b[1mGenerating C type support dispatch for ROS interfaces\x1b[0m\n'}
[1.808449] (status_interfaces) StdoutLine: {'line': b'[ 58%] Built target status_interfaces__rosidl_typesupport_fastrtps_cpp\n'}
[1.815150] (-) TimerEvent: {}
[1.817934] (status_interfaces) StdoutLine: {'line': b'[ 61%] \x1b[32mBuilding C object CMakeFiles/status_interfaces__rosidl_typesupport_introspection_c.dir/rosidl_typesupport_introspection_c/status_interfaces/msg/detail/system_status__type_support.c.o\x1b[0m\n'}
[1.822527] (status_interfaces) StdoutLine: {'line': b'[ 61%] Built target status_interfaces__rosidl_typesupport_introspection_cpp\n'}
[1.844872] (status_interfaces) StdoutLine: {'line': b'[ 64%] \x1b[32m\x1b[1mLinking C shared library libstatus_interfaces__rosidl_typesupport_introspection_c.so\x1b[0m\n'}
[1.868700] (status_interfaces) StdoutLine: {'line': b'[ 64%] Built target status_interfaces__rosidl_typesupport_introspection_c\n'}
[1.916191] (-) TimerEvent: {}
[1.954082] (status_interfaces) StdoutLine: {'line': b'[ 67%] \x1b[32mBuilding CXX object CMakeFiles/status_interfaces__rosidl_typesupport_c.dir/rosidl_typesupport_c/status_interfaces/msg/system_status__type_support.cpp.o\x1b[0m\n'}
[1.976945] (status_interfaces) StdoutLine: {'line': b'[ 70%] \x1b[32m\x1b[1mLinking CXX shared library libstatus_interfaces__rosidl_typesupport_c.so\x1b[0m\n'}
[2.007310] (status_interfaces) StdoutLine: {'line': b'[ 70%] Built target status_interfaces__rosidl_typesupport_c\n'}
[2.016384] (-) TimerEvent: {}
[2.024490] (status_interfaces) StdoutLine: {'line': b'[ 70%] Built target status_interfaces\n'}
[2.040188] (status_interfaces) StdoutLine: {'line': b'[ 74%] \x1b[34m\x1b[1mGenerating Python code for ROS interfaces\x1b[0m\n'}
[2.117200] (-) TimerEvent: {}
[2.217897] (-) TimerEvent: {}
[2.268984] (status_interfaces) StdoutLine: {'line': b'[ 74%] Built target status_interfaces__py\n'}
[2.283094] (status_interfaces) StdoutLine: {'line': b'[ 77%] \x1b[32mBuilding C object CMakeFiles/status_interfaces__rosidl_generator_py.dir/rosidl_generator_py/status_interfaces/msg/_system_status_s.c.o\x1b[0m\n'}
[2.318701] (-) TimerEvent: {}
[2.347824] (status_interfaces) StdoutLine: {'line': b'[ 80%] \x1b[32m\x1b[1mLinking C shared library rosidl_generator_py/status_interfaces/libstatus_interfaces__rosidl_generator_py.so\x1b[0m\n'}
[2.375299] (status_interfaces) StdoutLine: {'line': b'[ 80%] Built target status_interfaces__rosidl_generator_py\n'}
[2.390536] (status_interfaces) StdoutLine: {'line': b'[ 83%] \x1b[32mBuilding C object CMakeFiles/status_interfaces__rosidl_typesupport_fastrtps_c__pyext.dir/rosidl_generator_py/status_interfaces/_status_interfaces_s.ep.rosidl_typesupport_fastrtps_c.c.o\x1b[0m\n'}
[2.391306] (status_interfaces) StdoutLine: {'line': b'[ 87%] \x1b[32mBuilding C object CMakeFiles/status_interfaces__rosidl_typesupport_introspection_c__pyext.dir/rosidl_generator_py/status_interfaces/_status_interfaces_s.ep.rosidl_typesupport_introspection_c.c.o\x1b[0m\n'}
[2.391363] (status_interfaces) StdoutLine: {'line': b'[ 90%] \x1b[32mBuilding C object CMakeFiles/status_interfaces__rosidl_typesupport_c__pyext.dir/rosidl_generator_py/status_interfaces/_status_interfaces_s.ep.rosidl_typesupport_c.c.o\x1b[0m\n'}
[2.419002] (-) TimerEvent: {}
[2.457995] (status_interfaces) StdoutLine: {'line': b'[ 96%] \x1b[32m\x1b[1mLinking C shared library rosidl_generator_py/status_interfaces/status_interfaces_s__rosidl_typesupport_fastrtps_c.cpython-310-x86_64-linux-gnu.so\x1b[0m\n'}
[2.458146] (status_interfaces) StdoutLine: {'line': b'[ 96%] \x1b[32m\x1b[1mLinking C shared library rosidl_generator_py/status_interfaces/status_interfaces_s__rosidl_typesupport_c.cpython-310-x86_64-linux-gnu.so\x1b[0m\n'}
[2.462597] (status_interfaces) StdoutLine: {'line': b'[100%] \x1b[32m\x1b[1mLinking C shared library rosidl_generator_py/status_interfaces/status_interfaces_s__rosidl_typesupport_introspection_c.cpython-310-x86_64-linux-gnu.so\x1b[0m\n'}
[2.484372] (status_interfaces) StdoutLine: {'line': b'[100%] Built target status_interfaces__rosidl_typesupport_c__pyext\n'}
[2.484513] (status_interfaces) StdoutLine: {'line': b'[100%] Built target status_interfaces__rosidl_typesupport_fastrtps_c__pyext\n'}
[2.488786] (status_interfaces) StdoutLine: {'line': b'[100%] Built target status_interfaces__rosidl_typesupport_introspection_c__pyext\n'}
[2.498448] (status_interfaces) CommandEnded: {'returncode': 0}
[2.519123] (-) TimerEvent: {}
[2.545163] (status_interfaces) JobProgress: {'identifier': 'status_interfaces', 'progress': 'install'}
[2.552313] (status_interfaces) Command: {'cmd': ['/usr/bin/cmake', '--install', '/home/zsy/sy_git/ROS2/CHAPT3_WS/topic_practice_ws/build/status_interfaces'], 'cwd': '/home/zsy/sy_git/ROS2/CHAPT3_WS/topic_practice_ws/build/status_interfaces', 'env': OrderedDict([('GJS_DEBUG_TOPICS', 'JS ERROR;JS LOG'), ('LESSOPEN', '| /usr/bin/lesspipe %s'), ('LANGUAGE', 'zh_CN:en_US:en'), ('USER', 'zsy'), ('LC_TIME', 'zh_CN.UTF-8'), ('GIO_MODULE_DIR', '/home/zsy/snap/code/common/.cache/gio-modules'), ('XDG_SESSION_TYPE', 'wayland'), ('GIT_ASKPASS', '/snap/code/174/usr/share/code/resources/app/extensions/git/dist/askpass.sh'), ('GTK_EXE_PREFIX_VSCODE_SNAP_ORIG', ''), ('GDK_BACKEND_VSCODE_SNAP_ORIG', ''), ('SHLVL', '1'), ('LD_LIBRARY_PATH', '/home/zsy/sy_git/ROS2/CHAPT3_WS/topic_practice_ws/install/status_interfaces/lib:/opt/ros/humble/opt/rviz_ogre_vendor/lib:/opt/ros/humble/lib/x86_64-linux-gnu:/opt/ros/humble/lib'), ('HOME', '/home/zsy'), ('CHROME_DESKTOP', 'code.desktop'), ('LOCPATH_VSCODE_SNAP_ORIG', ''), ('TERM_PROGRAM_VERSION', '1.95.1'), ('DESKTOP_SESSION', 'ubuntu'), ('GTK_PATH', '/snap/code/174/usr/lib/x86_64-linux-gnu/gtk-3.0'), ('GTK_IM_MODULE_FILE', '/home/zsy/snap/code/common/.cache/immodules/immodules.cache'), ('GIO_LAUNCHED_DESKTOP_FILE', '/var/lib/snapd/desktop/applications/code_code.desktop'), ('ROS_PYTHON_VERSION', '3'), ('GNOME_SHELL_SESSION_MODE', 'ubuntu'), ('GTK_MODULES', 'gail:atk-bridge'), ('GSETTINGS_SCHEMA_DIR_VSCODE_SNAP_ORIG', ''), ('VSCODE_GIT_ASKPASS_MAIN', '/snap/code/174/usr/share/code/resources/app/extensions/git/dist/askpass-main.js'), ('LC_MONETARY', 'zh_CN.UTF-8'), ('VSCODE_GIT_ASKPASS_NODE', '/snap/code/174/usr/share/code/code'), ('MANAGERPID', '1812'), ('SYSTEMD_EXEC_PID', '1994'), ('IM_CONFIG_CHECK_ENV', '1'), ('DBUS_SESSION_BUS_ADDRESS', 'unix:path=/run/user/1000/bus'), ('COLORTERM', 'truecolor'), ('GIO_LAUNCHED_DESKTOP_FILE_PID', '13212'), ('IM_CONFIG_PHASE', '1'), ('WAYLAND_DISPLAY', 'wayland-0'), ('COLCON_PREFIX_PATH', '/home/zsy/sy_git/ROS2/CHAPT3_WS/topic_practice_ws/install'), ('ROS_DISTRO', 'humble'), ('LOGNAME', 'zsy'), ('JOURNAL_STREAM', '8:27789'), ('_', '/usr/bin/colcon'), ('ROS_VERSION', '2'), ('XDG_CONFIG_DIRS_VSCODE_SNAP_ORIG', '/etc/xdg/xdg-ubuntu:/etc/xdg'), ('XDG_SESSION_CLASS', 'user'), ('XDG_DATA_DIRS_VSCODE_SNAP_ORIG', '/usr/share/ubuntu:/usr/local/share/:/usr/share/:/var/lib/snapd/desktop'), ('USERNAME', 'zsy'), ('TERM', 'xterm-256color'), ('GNOME_DESKTOP_SESSION_ID', 'this-is-deprecated'), ('ROS_LOCALHOST_ONLY', '0'), ('PATH', '/opt/ros/humble/bin:/usr/local/sbin:/usr/local/bin:/usr/sbin:/usr/bin:/sbin:/bin:/usr/games:/usr/local/games:/snap/bin:/snap/bin'), ('SESSION_MANAGER', 'local/zsy:@/tmp/.ICE-unix/1966,unix/zsy:/tmp/.ICE-unix/1966'), ('GTK_EXE_PREFIX', '/snap/code/174/usr'), ('INVOCATION_ID', '8602ecc12bab47ff9ca2a1f21fb3b74d'), ('PAPERSIZE', 'a4'), ('XDG_MENU_PREFIX', 'gnome-'), ('LC_ADDRESS', 'zh_CN.UTF-8'), ('BAMF_DESKTOP_FILE_HINT', '/var/lib/snapd/desktop/applications/code_code.desktop'), ('GNOME_SETUP_DISPLAY', ':1'), ('XDG_RUNTIME_DIR', '/run/user/1000'), ('GDK_BACKEND', 'x11'), ('DISPLAY', ':0'), ('LOCPATH', '/snap/code/174/usr/lib/locale'), ('LANG', 'zh_CN.UTF-8'), ('XDG_CURRENT_DESKTOP', 'Unity'), ('LC_TELEPHONE', 'zh_CN.UTF-8'), ('GIO_MODULE_DIR_VSCODE_SNAP_ORIG', ''), ('XDG_DATA_HOME', '/home/zsy/snap/code/174/.local/share'), ('XMODIFIERS', '@im=ibus'), ('XDG_SESSION_DESKTOP', 'ubuntu'), ('XAUTHORITY', '/run/user/1000/.mutter-Xwaylandauth.VGA6W2'), ('LS_COLORS', 'rs=0:di=01;34:ln=01;36:mh=00:pi=40;33:so=01;35:do=01;35:bd=40;33;01:cd=40;33;01:or=40;31;01:mi=00:su=37;41:sg=30;43:ca=30;41:tw=30;42:ow=34;42:st=37;44:ex=01;32:*.tar=01;31:*.tgz=01;31:*.arc=01;31:*.arj=01;31:*.taz=01;31:*.lha=01;31:*.lz4=01;31:*.lzh=01;31:*.lzma=01;31:*.tlz=01;31:*.txz=01;31:*.tzo=01;31:*.t7z=01;31:*.zip=01;31:*.z=01;31:*.dz=01;31:*.gz=01;31:*.lrz=01;31:*.lz=01;31:*.lzo=01;31:*.xz=01;31:*.zst=01;31:*.tzst=01;31:*.bz2=01;31:*.bz=01;31:*.tbz=01;31:*.tbz2=01;31:*.tz=01;31:*.deb=01;31:*.rpm=01;31:*.jar=01;31:*.war=01;31:*.ear=01;31:*.sar=01;31:*.rar=01;31:*.alz=01;31:*.ace=01;31:*.zoo=01;31:*.cpio=01;31:*.7z=01;31:*.rz=01;31:*.cab=01;31:*.wim=01;31:*.swm=01;31:*.dwm=01;31:*.esd=01;31:*.jpg=01;35:*.jpeg=01;35:*.mjpg=01;35:*.mjpeg=01;35:*.gif=01;35:*.bmp=01;35:*.pbm=01;35:*.pgm=01;35:*.ppm=01;35:*.tga=01;35:*.xbm=01;35:*.xpm=01;35:*.tif=01;35:*.tiff=01;35:*.png=01;35:*.svg=01;35:*.svgz=01;35:*.mng=01;35:*.pcx=01;35:*.mov=01;35:*.mpg=01;35:*.mpeg=01;35:*.m2v=01;35:*.mkv=01;35:*.webm=01;35:*.webp=01;35:*.ogm=01;35:*.mp4=01;35:*.m4v=01;35:*.mp4v=01;35:*.vob=01;35:*.qt=01;35:*.nuv=01;35:*.wmv=01;35:*.asf=01;35:*.rm=01;35:*.rmvb=01;35:*.flc=01;35:*.avi=01;35:*.fli=01;35:*.flv=01;35:*.gl=01;35:*.dl=01;35:*.xcf=01;35:*.xwd=01;35:*.yuv=01;35:*.cgm=01;35:*.emf=01;35:*.ogv=01;35:*.ogx=01;35:*.aac=00;36:*.au=00;36:*.flac=00;36:*.m4a=00;36:*.mid=00;36:*.midi=00;36:*.mka=00;36:*.mp3=00;36:*.mpc=00;36:*.ogg=00;36:*.ra=00;36:*.wav=00;36:*.oga=00;36:*.opus=00;36:*.spx=00;36:*.xspf=00;36:'), ('VSCODE_GIT_IPC_HANDLE', '/run/user/1000/vscode-git-ad11f07be2.sock'), ('TERM_PROGRAM', 'vscode'), ('SSH_AGENT_LAUNCHER', 'gnome-keyring'), ('SSH_AUTH_SOCK', '/run/user/1000/keyring/ssh'), ('GSETTINGS_SCHEMA_DIR', '/home/zsy/snap/code/174/.local/share/glib-2.0/schemas'), ('AMENT_PREFIX_PATH', '/home/zsy/sy_git/ROS2/CHAPT3_WS/topic_practice_ws/install/status_publisher:/home/zsy/sy_git/ROS2/CHAPT3_WS/topic_practice_ws/install/status_display:/home/zsy/sy_git/ROS2/CHAPT3_WS/topic_practice_ws/install/status_interfaces:/opt/ros/humble'), ('ORIGINAL_XDG_CURRENT_DESKTOP', 'ubuntu:GNOME'), ('SHELL', '/bin/bash'), ('LC_NAME', 'zh_CN.UTF-8'), ('QT_ACCESSIBILITY', '1'), ('GDMSESSION', 'ubuntu'), ('LESSCLOSE', '/usr/bin/lesspipe %s %s'), ('GTK_PATH_VSCODE_SNAP_ORIG', ''), ('GTK_IM_MODULE_FILE_VSCODE_SNAP_ORIG', ''), ('LC_MEASUREMENT', 'zh_CN.UTF-8'), ('GJS_DEBUG_OUTPUT', 'stderr'), ('LC_IDENTIFICATION', 'zh_CN.UTF-8'), ('VSCODE_GIT_ASKPASS_EXTRA_ARGS', ''), ('QT_IM_MODULE', 'ibus'), ('PWD', '/home/zsy/sy_git/ROS2/CHAPT3_WS/topic_practice_ws/build/status_interfaces'), ('LC_ALL', 'en_US.UTF-8'), ('XDG_CONFIG_DIRS', '/etc/xdg/xdg-ubuntu:/etc/xdg'), ('XDG_DATA_DIRS', '/home/zsy/snap/code/174/.local/share:/home/zsy/snap/code/174:/snap/code/174/usr/share:/usr/share/ubuntu:/usr/local/share/:/usr/share/:/var/lib/snapd/desktop'), ('PYTHONPATH', '/home/zsy/sy_git/ROS2/CHAPT3_WS/topic_practice_ws/install/status_publisher/lib/python3.10/site-packages:/home/zsy/sy_git/ROS2/CHAPT3_WS/topic_practice_ws/install/status_interfaces/local/lib/python3.10/dist-packages:/opt/ros/humble/lib/python3.10/site-packages:/opt/ros/humble/local/lib/python3.10/dist-packages'), ('LC_NUMERIC', 'zh_CN.UTF-8'), ('LC_PAPER', 'zh_CN.UTF-8'), ('COLCON', '1'), ('CMAKE_PREFIX_PATH', '/home/zsy/sy_git/ROS2/CHAPT3_WS/topic_practice_ws/install/status_display:/home/zsy/sy_git/ROS2/CHAPT3_WS/topic_practice_ws/install/status_interfaces:/home/zsy/sy_git/ROS2/CHAPT3_WS/topic_practice_ws/install/status_publisher:/opt/ros/humble')]), 'shell': False}
[2.558004] (status_interfaces) StdoutLine: {'line': b'-- Install configuration: ""\n'}
[2.558271] (status_interfaces) StdoutLine: {'line': b'-- Installing: /home/zsy/sy_git/ROS2/CHAPT3_WS/topic_practice_ws/install/status_interfaces/share/ament_index/resource_index/rosidl_interfaces/status_interfaces\n'}
[2.558456] (status_interfaces) StdoutLine: {'line': b'-- Installing: /home/zsy/sy_git/ROS2/CHAPT3_WS/topic_practice_ws/install/status_interfaces/include/status_interfaces/status_interfaces\n'}
[2.558722] (status_interfaces) StdoutLine: {'line': b'-- Installing: /home/zsy/sy_git/ROS2/CHAPT3_WS/topic_practice_ws/install/status_interfaces/include/status_interfaces/status_interfaces/msg\n'}
[2.558816] (status_interfaces) StdoutLine: {'line': b'-- Installing: /home/zsy/sy_git/ROS2/CHAPT3_WS/topic_practice_ws/install/status_interfaces/include/status_interfaces/status_interfaces/msg/detail\n'}
[2.558897] (status_interfaces) StdoutLine: {'line': b'-- Installing: /home/zsy/sy_git/ROS2/CHAPT3_WS/topic_practice_ws/install/status_interfaces/include/status_interfaces/status_interfaces/msg/detail/system_status__type_support.h\n'}
[2.559036] (status_interfaces) StdoutLine: {'line': b'-- Installing: /home/zsy/sy_git/ROS2/CHAPT3_WS/topic_practice_ws/install/status_interfaces/include/status_interfaces/status_interfaces/msg/detail/system_status__functions.h\n'}
[2.559164] (status_interfaces) StdoutLine: {'line': b'-- Installing: /home/zsy/sy_git/ROS2/CHAPT3_WS/topic_practice_ws/install/status_interfaces/include/status_interfaces/status_interfaces/msg/detail/system_status__struct.h\n'}
[2.559295] (status_interfaces) StdoutLine: {'line': b'-- Installing: /home/zsy/sy_git/ROS2/CHAPT3_WS/topic_practice_ws/install/status_interfaces/include/status_interfaces/status_interfaces/msg/detail/system_status__functions.c\n'}
[2.559430] (status_interfaces) StdoutLine: {'line': b'-- Installing: /home/zsy/sy_git/ROS2/CHAPT3_WS/topic_practice_ws/install/status_interfaces/include/status_interfaces/status_interfaces/msg/system_status.h\n'}
[2.559558] (status_interfaces) StdoutLine: {'line': b'-- Installing: /home/zsy/sy_git/ROS2/CHAPT3_WS/topic_practice_ws/install/status_interfaces/include/status_interfaces/status_interfaces/msg/rosidl_generator_c__visibility_control.h\n'}
[2.559758] (status_interfaces) StdoutLine: {'line': b'-- Installing: /home/zsy/sy_git/ROS2/CHAPT3_WS/topic_practice_ws/install/status_interfaces/share/status_interfaces/environment/library_path.sh\n'}
[2.559919] (status_interfaces) StdoutLine: {'line': b'-- Installing: /home/zsy/sy_git/ROS2/CHAPT3_WS/topic_practice_ws/install/status_interfaces/share/status_interfaces/environment/library_path.dsv\n'}
[2.560202] (status_interfaces) StdoutLine: {'line': b'-- Installing: /home/zsy/sy_git/ROS2/CHAPT3_WS/topic_practice_ws/install/status_interfaces/lib/libstatus_interfaces__rosidl_generator_c.so\n'}
[2.560844] (status_interfaces) StdoutLine: {'line': b'-- Set runtime path of "/home/zsy/sy_git/ROS2/CHAPT3_WS/topic_practice_ws/install/status_interfaces/lib/libstatus_interfaces__rosidl_generator_c.so" to ""\n'}
[2.560889] (status_interfaces) StdoutLine: {'line': b'-- Up-to-date: /home/zsy/sy_git/ROS2/CHAPT3_WS/topic_practice_ws/install/status_interfaces/include/status_interfaces/status_interfaces\n'}
[2.560915] (status_interfaces) StdoutLine: {'line': b'-- Up-to-date: /home/zsy/sy_git/ROS2/CHAPT3_WS/topic_practice_ws/install/status_interfaces/include/status_interfaces/status_interfaces/msg\n'}
[2.560939] (status_interfaces) StdoutLine: {'line': b'-- Up-to-date: /home/zsy/sy_git/ROS2/CHAPT3_WS/topic_practice_ws/install/status_interfaces/include/status_interfaces/status_interfaces/msg/detail\n'}
[2.560982] (status_interfaces) StdoutLine: {'line': b'-- Installing: /home/zsy/sy_git/ROS2/CHAPT3_WS/topic_practice_ws/install/status_interfaces/include/status_interfaces/status_interfaces/msg/detail/system_status__rosidl_typesupport_fastrtps_c.h\n'}
[2.561046] (status_interfaces) StdoutLine: {'line': b'-- Installing: /home/zsy/sy_git/ROS2/CHAPT3_WS/topic_practice_ws/install/status_interfaces/include/status_interfaces/status_interfaces/msg/rosidl_typesupport_fastrtps_c__visibility_control.h\n'}
[2.561150] (status_interfaces) StdoutLine: {'line': b'-- Installing: /home/zsy/sy_git/ROS2/CHAPT3_WS/topic_practice_ws/install/status_interfaces/lib/libstatus_interfaces__rosidl_typesupport_fastrtps_c.so\n'}
[2.561486] (status_interfaces) StdoutLine: {'line': b'-- Set runtime path of "/home/zsy/sy_git/ROS2/CHAPT3_WS/topic_practice_ws/install/status_interfaces/lib/libstatus_interfaces__rosidl_typesupport_fastrtps_c.so" to ""\n'}
[2.561833] (status_interfaces) StdoutLine: {'line': b'-- Up-to-date: /home/zsy/sy_git/ROS2/CHAPT3_WS/topic_practice_ws/install/status_interfaces/include/status_interfaces/status_interfaces\n'}
[2.561871] (status_interfaces) StdoutLine: {'line': b'-- Up-to-date: /home/zsy/sy_git/ROS2/CHAPT3_WS/topic_practice_ws/install/status_interfaces/include/status_interfaces/status_interfaces/msg\n'}
[2.561894] (status_interfaces) StdoutLine: {'line': b'-- Up-to-date: /home/zsy/sy_git/ROS2/CHAPT3_WS/topic_practice_ws/install/status_interfaces/include/status_interfaces/status_interfaces/msg/detail\n'}
[2.561916] (status_interfaces) StdoutLine: {'line': b'-- Installing: /home/zsy/sy_git/ROS2/CHAPT3_WS/topic_practice_ws/install/status_interfaces/include/status_interfaces/status_interfaces/msg/detail/system_status__traits.hpp\n'}
[2.561938] (status_interfaces) StdoutLine: {'line': b'-- Installing: /home/zsy/sy_git/ROS2/CHAPT3_WS/topic_practice_ws/install/status_interfaces/include/status_interfaces/status_interfaces/msg/detail/system_status__struct.hpp\n'}
[2.562023] (status_interfaces) StdoutLine: {'line': b'-- Installing: /home/zsy/sy_git/ROS2/CHAPT3_WS/topic_practice_ws/install/status_interfaces/include/status_interfaces/status_interfaces/msg/detail/system_status__builder.hpp\n'}
[2.562104] (status_interfaces) StdoutLine: {'line': b'-- Installing: /home/zsy/sy_git/ROS2/CHAPT3_WS/topic_practice_ws/install/status_interfaces/include/status_interfaces/status_interfaces/msg/system_status.hpp\n'}
[2.562246] (status_interfaces) StdoutLine: {'line': b'-- Up-to-date: /home/zsy/sy_git/ROS2/CHAPT3_WS/topic_practice_ws/install/status_interfaces/include/status_interfaces/status_interfaces\n'}
[2.562372] (status_interfaces) StdoutLine: {'line': b'-- Up-to-date: /home/zsy/sy_git/ROS2/CHAPT3_WS/topic_practice_ws/install/status_interfaces/include/status_interfaces/status_interfaces/msg\n'}
[2.562427] (status_interfaces) StdoutLine: {'line': b'-- Up-to-date: /home/zsy/sy_git/ROS2/CHAPT3_WS/topic_practice_ws/install/status_interfaces/include/status_interfaces/status_interfaces/msg/detail\n'}
[2.562450] (status_interfaces) StdoutLine: {'line': b'-- Installing: /home/zsy/sy_git/ROS2/CHAPT3_WS/topic_practice_ws/install/status_interfaces/include/status_interfaces/status_interfaces/msg/detail/dds_fastrtps\n'}
[2.562506] (status_interfaces) StdoutLine: {'line': b'-- Installing: /home/zsy/sy_git/ROS2/CHAPT3_WS/topic_practice_ws/install/status_interfaces/include/status_interfaces/status_interfaces/msg/detail/system_status__rosidl_typesupport_fastrtps_cpp.hpp\n'}
[2.562648] (status_interfaces) StdoutLine: {'line': b'-- Installing: /home/zsy/sy_git/ROS2/CHAPT3_WS/topic_practice_ws/install/status_interfaces/include/status_interfaces/status_interfaces/msg/rosidl_typesupport_fastrtps_cpp__visibility_control.h\n'}
[2.562814] (status_interfaces) StdoutLine: {'line': b'-- Installing: /home/zsy/sy_git/ROS2/CHAPT3_WS/topic_practice_ws/install/status_interfaces/lib/libstatus_interfaces__rosidl_typesupport_fastrtps_cpp.so\n'}
[2.563382] (status_interfaces) StdoutLine: {'line': b'-- Set runtime path of "/home/zsy/sy_git/ROS2/CHAPT3_WS/topic_practice_ws/install/status_interfaces/lib/libstatus_interfaces__rosidl_typesupport_fastrtps_cpp.so" to ""\n'}
[2.563415] (status_interfaces) StdoutLine: {'line': b'-- Up-to-date: /home/zsy/sy_git/ROS2/CHAPT3_WS/topic_practice_ws/install/status_interfaces/include/status_interfaces/status_interfaces\n'}
[2.563438] (status_interfaces) StdoutLine: {'line': b'-- Up-to-date: /home/zsy/sy_git/ROS2/CHAPT3_WS/topic_practice_ws/install/status_interfaces/include/status_interfaces/status_interfaces/msg\n'}
[2.563461] (status_interfaces) StdoutLine: {'line': b'-- Up-to-date: /home/zsy/sy_git/ROS2/CHAPT3_WS/topic_practice_ws/install/status_interfaces/include/status_interfaces/status_interfaces/msg/detail\n'}
[2.563483] (status_interfaces) StdoutLine: {'line': b'-- Installing: /home/zsy/sy_git/ROS2/CHAPT3_WS/topic_practice_ws/install/status_interfaces/include/status_interfaces/status_interfaces/msg/detail/system_status__rosidl_typesupport_introspection_c.h\n'}
[2.563516] (status_interfaces) StdoutLine: {'line': b'-- Installing: /home/zsy/sy_git/ROS2/CHAPT3_WS/topic_practice_ws/install/status_interfaces/include/status_interfaces/status_interfaces/msg/detail/system_status__type_support.c\n'}
[2.563661] (status_interfaces) StdoutLine: {'line': b'-- Installing: /home/zsy/sy_git/ROS2/CHAPT3_WS/topic_practice_ws/install/status_interfaces/include/status_interfaces/status_interfaces/msg/rosidl_typesupport_introspection_c__visibility_control.h\n'}
[2.563840] (status_interfaces) StdoutLine: {'line': b'-- Installing: /home/zsy/sy_git/ROS2/CHAPT3_WS/topic_practice_ws/install/status_interfaces/lib/libstatus_interfaces__rosidl_typesupport_introspection_c.so\n'}
[2.564489] (status_interfaces) StdoutLine: {'line': b'-- Set runtime path of "/home/zsy/sy_git/ROS2/CHAPT3_WS/topic_practice_ws/install/status_interfaces/lib/libstatus_interfaces__rosidl_typesupport_introspection_c.so" to ""\n'}
[2.564520] (status_interfaces) StdoutLine: {'line': b'-- Installing: /home/zsy/sy_git/ROS2/CHAPT3_WS/topic_practice_ws/install/status_interfaces/lib/libstatus_interfaces__rosidl_typesupport_c.so\n'}
[2.564972] (status_interfaces) StdoutLine: {'line': b'-- Set runtime path of "/home/zsy/sy_git/ROS2/CHAPT3_WS/topic_practice_ws/install/status_interfaces/lib/libstatus_interfaces__rosidl_typesupport_c.so" to ""\n'}
[2.564998] (status_interfaces) StdoutLine: {'line': b'-- Up-to-date: /home/zsy/sy_git/ROS2/CHAPT3_WS/topic_practice_ws/install/status_interfaces/include/status_interfaces/status_interfaces\n'}
[2.565021] (status_interfaces) StdoutLine: {'line': b'-- Up-to-date: /home/zsy/sy_git/ROS2/CHAPT3_WS/topic_practice_ws/install/status_interfaces/include/status_interfaces/status_interfaces/msg\n'}
[2.565043] (status_interfaces) StdoutLine: {'line': b'-- Up-to-date: /home/zsy/sy_git/ROS2/CHAPT3_WS/topic_practice_ws/install/status_interfaces/include/status_interfaces/status_interfaces/msg/detail\n'}
[2.565065] (status_interfaces) StdoutLine: {'line': b'-- Installing: /home/zsy/sy_git/ROS2/CHAPT3_WS/topic_practice_ws/install/status_interfaces/include/status_interfaces/status_interfaces/msg/detail/system_status__rosidl_typesupport_introspection_cpp.hpp\n'}
[2.565122] (status_interfaces) StdoutLine: {'line': b'-- Installing: /home/zsy/sy_git/ROS2/CHAPT3_WS/topic_practice_ws/install/status_interfaces/include/status_interfaces/status_interfaces/msg/detail/system_status__type_support.cpp\n'}
[2.565498] (status_interfaces) StdoutLine: {'line': b'-- Installing: /home/zsy/sy_git/ROS2/CHAPT3_WS/topic_practice_ws/install/status_interfaces/lib/libstatus_interfaces__rosidl_typesupport_introspection_cpp.so\n'}
[2.565527] (status_interfaces) StdoutLine: {'line': b'-- Set runtime path of "/home/zsy/sy_git/ROS2/CHAPT3_WS/topic_practice_ws/install/status_interfaces/lib/libstatus_interfaces__rosidl_typesupport_introspection_cpp.so" to ""\n'}
[2.565549] (status_interfaces) StdoutLine: {'line': b'-- Installing: /home/zsy/sy_git/ROS2/CHAPT3_WS/topic_practice_ws/install/status_interfaces/lib/libstatus_interfaces__rosidl_typesupport_cpp.so\n'}
[2.566176] (status_interfaces) StdoutLine: {'line': b'-- Set runtime path of "/home/zsy/sy_git/ROS2/CHAPT3_WS/topic_practice_ws/install/status_interfaces/lib/libstatus_interfaces__rosidl_typesupport_cpp.so" to ""\n'}
[2.566214] (status_interfaces) StdoutLine: {'line': b'-- Installing: /home/zsy/sy_git/ROS2/CHAPT3_WS/topic_practice_ws/install/status_interfaces/share/status_interfaces/environment/pythonpath.sh\n'}
[2.566238] (status_interfaces) StdoutLine: {'line': b'-- Installing: /home/zsy/sy_git/ROS2/CHAPT3_WS/topic_practice_ws/install/status_interfaces/share/status_interfaces/environment/pythonpath.dsv\n'}
[2.566260] (status_interfaces) StdoutLine: {'line': b'-- Installing: /home/zsy/sy_git/ROS2/CHAPT3_WS/topic_practice_ws/install/status_interfaces/local/lib/python3.10/dist-packages/status_interfaces-0.0.0-py3.10.egg-info\n'}
[2.566361] (status_interfaces) StdoutLine: {'line': b'-- Installing: /home/zsy/sy_git/ROS2/CHAPT3_WS/topic_practice_ws/install/status_interfaces/local/lib/python3.10/dist-packages/status_interfaces-0.0.0-py3.10.egg-info/PKG-INFO\n'}
[2.566493] (status_interfaces) StdoutLine: {'line': b'-- Installing: /home/zsy/sy_git/ROS2/CHAPT3_WS/topic_practice_ws/install/status_interfaces/local/lib/python3.10/dist-packages/status_interfaces-0.0.0-py3.10.egg-info/SOURCES.txt\n'}
[2.566617] (status_interfaces) StdoutLine: {'line': b'-- Installing: /home/zsy/sy_git/ROS2/CHAPT3_WS/topic_practice_ws/install/status_interfaces/local/lib/python3.10/dist-packages/status_interfaces-0.0.0-py3.10.egg-info/dependency_links.txt\n'}
[2.566793] (status_interfaces) StdoutLine: {'line': b'-- Installing: /home/zsy/sy_git/ROS2/CHAPT3_WS/topic_practice_ws/install/status_interfaces/local/lib/python3.10/dist-packages/status_interfaces-0.0.0-py3.10.egg-info/top_level.txt\n'}
[2.567074] (status_interfaces) StdoutLine: {'line': b'-- Installing: /home/zsy/sy_git/ROS2/CHAPT3_WS/topic_practice_ws/install/status_interfaces/local/lib/python3.10/dist-packages/status_interfaces\n'}
[2.567156] (status_interfaces) StdoutLine: {'line': b'-- Installing: /home/zsy/sy_git/ROS2/CHAPT3_WS/topic_practice_ws/install/status_interfaces/local/lib/python3.10/dist-packages/status_interfaces/__init__.py\n'}
[2.567291] (status_interfaces) StdoutLine: {'line': b'-- Installing: /home/zsy/sy_git/ROS2/CHAPT3_WS/topic_practice_ws/install/status_interfaces/local/lib/python3.10/dist-packages/status_interfaces/_status_interfaces_s.ep.rosidl_typesupport_introspection_c.c\n'}
[2.567436] (status_interfaces) StdoutLine: {'line': b'-- Installing: /home/zsy/sy_git/ROS2/CHAPT3_WS/topic_practice_ws/install/status_interfaces/local/lib/python3.10/dist-packages/status_interfaces/status_interfaces_s__rosidl_typesupport_introspection_c.cpython-310-x86_64-linux-gnu.so\n'}
[2.567584] (status_interfaces) StdoutLine: {'line': b'-- Installing: /home/zsy/sy_git/ROS2/CHAPT3_WS/topic_practice_ws/install/status_interfaces/local/lib/python3.10/dist-packages/status_interfaces/msg\n'}
[2.567679] (status_interfaces) StdoutLine: {'line': b'-- Installing: /home/zsy/sy_git/ROS2/CHAPT3_WS/topic_practice_ws/install/status_interfaces/local/lib/python3.10/dist-packages/status_interfaces/msg/__init__.py\n'}
[2.568997] (status_interfaces) StdoutLine: {'line': b'-- Installing: /home/zsy/sy_git/ROS2/CHAPT3_WS/topic_practice_ws/install/status_interfaces/local/lib/python3.10/dist-packages/status_interfaces/msg/_system_status_s.c\n'}
[2.569049] (status_interfaces) StdoutLine: {'line': b'-- Installing: /home/zsy/sy_git/ROS2/CHAPT3_WS/topic_practice_ws/install/status_interfaces/local/lib/python3.10/dist-packages/status_interfaces/msg/_system_status.py\n'}
[2.569077] (status_interfaces) StdoutLine: {'line': b'-- Installing: /home/zsy/sy_git/ROS2/CHAPT3_WS/topic_practice_ws/install/status_interfaces/local/lib/python3.10/dist-packages/status_interfaces/status_interfaces_s__rosidl_typesupport_fastrtps_c.cpython-310-x86_64-linux-gnu.so\n'}
[2.569103] (status_interfaces) StdoutLine: {'line': b'-- Installing: /home/zsy/sy_git/ROS2/CHAPT3_WS/topic_practice_ws/install/status_interfaces/local/lib/python3.10/dist-packages/status_interfaces/_status_interfaces_s.ep.rosidl_typesupport_fastrtps_c.c\n'}
[2.569126] (status_interfaces) StdoutLine: {'line': b'-- Installing: /home/zsy/sy_git/ROS2/CHAPT3_WS/topic_practice_ws/install/status_interfaces/local/lib/python3.10/dist-packages/status_interfaces/status_interfaces_s__rosidl_typesupport_c.cpython-310-x86_64-linux-gnu.so\n'}
[2.569165] (status_interfaces) StdoutLine: {'line': b'-- Installing: /home/zsy/sy_git/ROS2/CHAPT3_WS/topic_practice_ws/install/status_interfaces/local/lib/python3.10/dist-packages/status_interfaces/libstatus_interfaces__rosidl_generator_py.so\n'}
[2.569188] (status_interfaces) StdoutLine: {'line': b'-- Installing: /home/zsy/sy_git/ROS2/CHAPT3_WS/topic_practice_ws/install/status_interfaces/local/lib/python3.10/dist-packages/status_interfaces/_status_interfaces_s.ep.rosidl_typesupport_c.c\n'}
[2.589702] (status_interfaces) StdoutLine: {'line': b"Listing '/home/zsy/sy_git/ROS2/CHAPT3_WS/topic_practice_ws/install/status_interfaces/local/lib/python3.10/dist-packages/status_interfaces'...\n"}
[2.589818] (status_interfaces) StdoutLine: {'line': b"Compiling '/home/zsy/sy_git/ROS2/CHAPT3_WS/topic_practice_ws/install/status_interfaces/local/lib/python3.10/dist-packages/status_interfaces/__init__.py'...\n"}
[2.589861] (status_interfaces) StdoutLine: {'line': b"Listing '/home/zsy/sy_git/ROS2/CHAPT3_WS/topic_practice_ws/install/status_interfaces/local/lib/python3.10/dist-packages/status_interfaces/msg'...\n"}
[2.589888] (status_interfaces) StdoutLine: {'line': b"Compiling '/home/zsy/sy_git/ROS2/CHAPT3_WS/topic_practice_ws/install/status_interfaces/local/lib/python3.10/dist-packages/status_interfaces/msg/__init__.py'...\n"}
[2.589913] (status_interfaces) StdoutLine: {'line': b"Compiling '/home/zsy/sy_git/ROS2/CHAPT3_WS/topic_practice_ws/install/status_interfaces/local/lib/python3.10/dist-packages/status_interfaces/msg/_system_status.py'...\n"}
[2.592429] (status_interfaces) StdoutLine: {'line': b'-- Installing: /home/zsy/sy_git/ROS2/CHAPT3_WS/topic_practice_ws/install/status_interfaces/local/lib/python3.10/dist-packages/status_interfaces/status_interfaces_s__rosidl_typesupport_fastrtps_c.cpython-310-x86_64-linux-gnu.so\n'}
[2.593447] (status_interfaces) StdoutLine: {'line': b'-- Set runtime path of "/home/zsy/sy_git/ROS2/CHAPT3_WS/topic_practice_ws/install/status_interfaces/local/lib/python3.10/dist-packages/status_interfaces/status_interfaces_s__rosidl_typesupport_fastrtps_c.cpython-310-x86_64-linux-gnu.so" to ""\n'}
[2.593492] (status_interfaces) StdoutLine: {'line': b'-- Installing: /home/zsy/sy_git/ROS2/CHAPT3_WS/topic_practice_ws/install/status_interfaces/local/lib/python3.10/dist-packages/status_interfaces/status_interfaces_s__rosidl_typesupport_introspection_c.cpython-310-x86_64-linux-gnu.so\n'}
[2.593769] (status_interfaces) StdoutLine: {'line': b'-- Set runtime path of "/home/zsy/sy_git/ROS2/CHAPT3_WS/topic_practice_ws/install/status_interfaces/local/lib/python3.10/dist-packages/status_interfaces/status_interfaces_s__rosidl_typesupport_introspection_c.cpython-310-x86_64-linux-gnu.so" to ""\n'}
[2.593809] (status_interfaces) StdoutLine: {'line': b'-- Installing: /home/zsy/sy_git/ROS2/CHAPT3_WS/topic_practice_ws/install/status_interfaces/local/lib/python3.10/dist-packages/status_interfaces/status_interfaces_s__rosidl_typesupport_c.cpython-310-x86_64-linux-gnu.so\n'}
[2.593836] (status_interfaces) StdoutLine: {'line': b'-- Set runtime path of "/home/zsy/sy_git/ROS2/CHAPT3_WS/topic_practice_ws/install/status_interfaces/local/lib/python3.10/dist-packages/status_interfaces/status_interfaces_s__rosidl_typesupport_c.cpython-310-x86_64-linux-gnu.so" to ""\n'}
[2.594013] (status_interfaces) StdoutLine: {'line': b'-- Installing: /home/zsy/sy_git/ROS2/CHAPT3_WS/topic_practice_ws/install/status_interfaces/lib/libstatus_interfaces__rosidl_generator_py.so\n'}
[2.594049] (status_interfaces) StdoutLine: {'line': b'-- Set runtime path of "/home/zsy/sy_git/ROS2/CHAPT3_WS/topic_practice_ws/install/status_interfaces/lib/libstatus_interfaces__rosidl_generator_py.so" to ""\n'}
[2.594073] (status_interfaces) StdoutLine: {'line': b'-- Installing: /home/zsy/sy_git/ROS2/CHAPT3_WS/topic_practice_ws/install/status_interfaces/share/status_interfaces/msg/SystemStatus.idl\n'}
[2.594117] (status_interfaces) StdoutLine: {'line': b'-- Installing: /home/zsy/sy_git/ROS2/CHAPT3_WS/topic_practice_ws/install/status_interfaces/share/status_interfaces/msg/SystemStatus.msg\n'}
[2.597671] (status_interfaces) StdoutLine: {'line': b'-- Installing: /home/zsy/sy_git/ROS2/CHAPT3_WS/topic_practice_ws/install/status_interfaces/share/ament_index/resource_index/package_run_dependencies/status_interfaces\n'}
[2.597820] (status_interfaces) StdoutLine: {'line': b'-- Installing: /home/zsy/sy_git/ROS2/CHAPT3_WS/topic_practice_ws/install/status_interfaces/share/ament_index/resource_index/parent_prefix_path/status_interfaces\n'}
[2.597870] (status_interfaces) StdoutLine: {'line': b'-- Installing: /home/zsy/sy_git/ROS2/CHAPT3_WS/topic_practice_ws/install/status_interfaces/share/status_interfaces/environment/ament_prefix_path.sh\n'}
[2.597920] (status_interfaces) StdoutLine: {'line': b'-- Installing: /home/zsy/sy_git/ROS2/CHAPT3_WS/topic_practice_ws/install/status_interfaces/share/status_interfaces/environment/ament_prefix_path.dsv\n'}
[2.597956] (status_interfaces) StdoutLine: {'line': b'-- Installing: /home/zsy/sy_git/ROS2/CHAPT3_WS/topic_practice_ws/install/status_interfaces/share/status_interfaces/environment/path.sh\n'}
[2.598061] (status_interfaces) StdoutLine: {'line': b'-- Installing: /home/zsy/sy_git/ROS2/CHAPT3_WS/topic_practice_ws/install/status_interfaces/share/status_interfaces/environment/path.dsv\n'}
[2.598137] (status_interfaces) StdoutLine: {'line': b'-- Installing: /home/zsy/sy_git/ROS2/CHAPT3_WS/topic_practice_ws/install/status_interfaces/share/status_interfaces/local_setup.bash\n'}
[2.598168] (status_interfaces) StdoutLine: {'line': b'-- Installing: /home/zsy/sy_git/ROS2/CHAPT3_WS/topic_practice_ws/install/status_interfaces/share/status_interfaces/local_setup.sh\n'}
[2.598194] (status_interfaces) StdoutLine: {'line': b'-- Installing: /home/zsy/sy_git/ROS2/CHAPT3_WS/topic_practice_ws/install/status_interfaces/share/status_interfaces/local_setup.zsh\n'}
[2.598219] (status_interfaces) StdoutLine: {'line': b'-- Installing: /home/zsy/sy_git/ROS2/CHAPT3_WS/topic_practice_ws/install/status_interfaces/share/status_interfaces/local_setup.dsv\n'}
[2.598242] (status_interfaces) StdoutLine: {'line': b'-- Installing: /home/zsy/sy_git/ROS2/CHAPT3_WS/topic_practice_ws/install/status_interfaces/share/status_interfaces/package.dsv\n'}
[2.598265] (status_interfaces) StdoutLine: {'line': b'-- Installing: /home/zsy/sy_git/ROS2/CHAPT3_WS/topic_practice_ws/install/status_interfaces/share/ament_index/resource_index/packages/status_interfaces\n'}
[2.598296] (status_interfaces) StdoutLine: {'line': b'-- Installing: /home/zsy/sy_git/ROS2/CHAPT3_WS/topic_practice_ws/install/status_interfaces/share/status_interfaces/cmake/export_status_interfaces__rosidl_generator_cExport.cmake\n'}
[2.598319] (status_interfaces) StdoutLine: {'line': b'-- Installing: /home/zsy/sy_git/ROS2/CHAPT3_WS/topic_practice_ws/install/status_interfaces/share/status_interfaces/cmake/export_status_interfaces__rosidl_generator_cExport-noconfig.cmake\n'}
[2.598344] (status_interfaces) StdoutLine: {'line': b'-- Installing: /home/zsy/sy_git/ROS2/CHAPT3_WS/topic_practice_ws/install/status_interfaces/share/status_interfaces/cmake/export_status_interfaces__rosidl_typesupport_fastrtps_cExport.cmake\n'}
[2.598366] (status_interfaces) StdoutLine: {'line': b'-- Installing: /home/zsy/sy_git/ROS2/CHAPT3_WS/topic_practice_ws/install/status_interfaces/share/status_interfaces/cmake/export_status_interfaces__rosidl_typesupport_fastrtps_cExport-noconfig.cmake\n'}
[2.598388] (status_interfaces) StdoutLine: {'line': b'-- Installing: /home/zsy/sy_git/ROS2/CHAPT3_WS/topic_practice_ws/install/status_interfaces/share/status_interfaces/cmake/export_status_interfaces__rosidl_generator_cppExport.cmake\n'}
[2.598409] (status_interfaces) StdoutLine: {'line': b'-- Installing: /home/zsy/sy_git/ROS2/CHAPT3_WS/topic_practice_ws/install/status_interfaces/share/status_interfaces/cmake/export_status_interfaces__rosidl_typesupport_fastrtps_cppExport.cmake\n'}
[2.598431] (status_interfaces) StdoutLine: {'line': b'-- Installing: /home/zsy/sy_git/ROS2/CHAPT3_WS/topic_practice_ws/install/status_interfaces/share/status_interfaces/cmake/export_status_interfaces__rosidl_typesupport_fastrtps_cppExport-noconfig.cmake\n'}
[2.598455] (status_interfaces) StdoutLine: {'line': b'-- Installing: /home/zsy/sy_git/ROS2/CHAPT3_WS/topic_practice_ws/install/status_interfaces/share/status_interfaces/cmake/status_interfaces__rosidl_typesupport_introspection_cExport.cmake\n'}
[2.598478] (status_interfaces) StdoutLine: {'line': b'-- Installing: /home/zsy/sy_git/ROS2/CHAPT3_WS/topic_practice_ws/install/status_interfaces/share/status_interfaces/cmake/status_interfaces__rosidl_typesupport_introspection_cExport-noconfig.cmake\n'}
[2.598501] (status_interfaces) StdoutLine: {'line': b'-- Installing: /home/zsy/sy_git/ROS2/CHAPT3_WS/topic_practice_ws/install/status_interfaces/share/status_interfaces/cmake/status_interfaces__rosidl_typesupport_cExport.cmake\n'}
[2.598526] (status_interfaces) StdoutLine: {'line': b'-- Installing: /home/zsy/sy_git/ROS2/CHAPT3_WS/topic_practice_ws/install/status_interfaces/share/status_interfaces/cmake/status_interfaces__rosidl_typesupport_cExport-noconfig.cmake\n'}
[2.598572] (status_interfaces) StdoutLine: {'line': b'-- Installing: /home/zsy/sy_git/ROS2/CHAPT3_WS/topic_practice_ws/install/status_interfaces/share/status_interfaces/cmake/status_interfaces__rosidl_typesupport_introspection_cppExport.cmake\n'}
[2.598640] (status_interfaces) StdoutLine: {'line': b'-- Installing: /home/zsy/sy_git/ROS2/CHAPT3_WS/topic_practice_ws/install/status_interfaces/share/status_interfaces/cmake/status_interfaces__rosidl_typesupport_introspection_cppExport-noconfig.cmake\n'}
[2.598667] (status_interfaces) StdoutLine: {'line': b'-- Installing: /home/zsy/sy_git/ROS2/CHAPT3_WS/topic_practice_ws/install/status_interfaces/share/status_interfaces/cmake/status_interfaces__rosidl_typesupport_cppExport.cmake\n'}
[2.598689] (status_interfaces) StdoutLine: {'line': b'-- Installing: /home/zsy/sy_git/ROS2/CHAPT3_WS/topic_practice_ws/install/status_interfaces/share/status_interfaces/cmake/status_interfaces__rosidl_typesupport_cppExport-noconfig.cmake\n'}
[2.598711] (status_interfaces) StdoutLine: {'line': b'-- Installing: /home/zsy/sy_git/ROS2/CHAPT3_WS/topic_practice_ws/install/status_interfaces/share/status_interfaces/cmake/export_status_interfaces__rosidl_generator_pyExport.cmake\n'}
[2.598732] (status_interfaces) StdoutLine: {'line': b'-- Installing: /home/zsy/sy_git/ROS2/CHAPT3_WS/topic_practice_ws/install/status_interfaces/share/status_interfaces/cmake/export_status_interfaces__rosidl_generator_pyExport-noconfig.cmake\n'}
[2.598753] (status_interfaces) StdoutLine: {'line': b'-- Installing: /home/zsy/sy_git/ROS2/CHAPT3_WS/topic_practice_ws/install/status_interfaces/share/status_interfaces/cmake/rosidl_cmake-extras.cmake\n'}
[2.598774] (status_interfaces) StdoutLine: {'line': b'-- Installing: /home/zsy/sy_git/ROS2/CHAPT3_WS/topic_practice_ws/install/status_interfaces/share/status_interfaces/cmake/ament_cmake_export_dependencies-extras.cmake\n'}
[2.598796] (status_interfaces) StdoutLine: {'line': b'-- Installing: /home/zsy/sy_git/ROS2/CHAPT3_WS/topic_practice_ws/install/status_interfaces/share/status_interfaces/cmake/ament_cmake_export_include_directories-extras.cmake\n'}
[2.598840] (status_interfaces) StdoutLine: {'line': b'-- Installing: /home/zsy/sy_git/ROS2/CHAPT3_WS/topic_practice_ws/install/status_interfaces/share/status_interfaces/cmake/ament_cmake_export_libraries-extras.cmake\n'}
[2.598862] (status_interfaces) StdoutLine: {'line': b'-- Installing: /home/zsy/sy_git/ROS2/CHAPT3_WS/topic_practice_ws/install/status_interfaces/share/status_interfaces/cmake/ament_cmake_export_targets-extras.cmake\n'}
[2.598898] (status_interfaces) StdoutLine: {'line': b'-- Installing: /home/zsy/sy_git/ROS2/CHAPT3_WS/topic_practice_ws/install/status_interfaces/share/status_interfaces/cmake/rosidl_cmake_export_typesupport_targets-extras.cmake\n'}
[2.599759] (status_interfaces) StdoutLine: {'line': b'-- Installing: /home/zsy/sy_git/ROS2/CHAPT3_WS/topic_practice_ws/install/status_interfaces/share/status_interfaces/cmake/rosidl_cmake_export_typesupport_libraries-extras.cmake\n'}
[2.599822] (status_interfaces) StdoutLine: {'line': b'-- Installing: /home/zsy/sy_git/ROS2/CHAPT3_WS/topic_practice_ws/install/status_interfaces/share/status_interfaces/cmake/status_interfacesConfig.cmake\n'}
[2.599854] (status_interfaces) StdoutLine: {'line': b'-- Installing: /home/zsy/sy_git/ROS2/CHAPT3_WS/topic_practice_ws/install/status_interfaces/share/status_interfaces/cmake/status_interfacesConfig-version.cmake\n'}
[2.599882] (status_interfaces) StdoutLine: {'line': b'-- Installing: /home/zsy/sy_git/ROS2/CHAPT3_WS/topic_practice_ws/install/status_interfaces/share/status_interfaces/package.xml\n'}
[2.601775] (status_interfaces) CommandEnded: {'returncode': 0}
[2.619450] (-) TimerEvent: {}
[2.662359] (status_interfaces) JobEnded: {'identifier': 'status_interfaces', 'rc': 0}
[2.662836] (status_display) JobStarted: {'identifier': 'status_display'}
[2.665167] (status_publisher) JobStarted: {'identifier': 'status_publisher'}
[2.670712] (status_display) JobProgress: {'identifier': 'status_display', 'progress': 'cmake'}
[2.670743] (status_display) Command: {'cmd': ['/usr/bin/cmake', '/home/zsy/sy_git/ROS2/CHAPT3_WS/topic_practice_ws/src/status_display', '-DCMAKE_INSTALL_PREFIX=/home/zsy/sy_git/ROS2/CHAPT3_WS/topic_practice_ws/install/status_display'], 'cwd': '/home/zsy/sy_git/ROS2/CHAPT3_WS/topic_practice_ws/build/status_display', 'env': OrderedDict([('GJS_DEBUG_TOPICS', 'JS ERROR;JS LOG'), ('LESSOPEN', '| /usr/bin/lesspipe %s'), ('LANGUAGE', 'zh_CN:en_US:en'), ('USER', 'zsy'), ('LC_TIME', 'zh_CN.UTF-8'), ('GIO_MODULE_DIR', '/home/zsy/snap/code/common/.cache/gio-modules'), ('XDG_SESSION_TYPE', 'wayland'), ('GIT_ASKPASS', '/snap/code/174/usr/share/code/resources/app/extensions/git/dist/askpass.sh'), ('GTK_EXE_PREFIX_VSCODE_SNAP_ORIG', ''), ('GDK_BACKEND_VSCODE_SNAP_ORIG', ''), ('SHLVL', '1'), ('LD_LIBRARY_PATH', '/home/zsy/sy_git/ROS2/CHAPT3_WS/topic_practice_ws/install/status_interfaces/lib:/opt/ros/humble/opt/rviz_ogre_vendor/lib:/opt/ros/humble/lib/x86_64-linux-gnu:/opt/ros/humble/lib'), ('HOME', '/home/zsy'), ('CHROME_DESKTOP', 'code.desktop'), ('LOCPATH_VSCODE_SNAP_ORIG', ''), ('TERM_PROGRAM_VERSION', '1.95.1'), ('DESKTOP_SESSION', 'ubuntu'), ('GTK_PATH', '/snap/code/174/usr/lib/x86_64-linux-gnu/gtk-3.0'), ('GTK_IM_MODULE_FILE', '/home/zsy/snap/code/common/.cache/immodules/immodules.cache'), ('GIO_LAUNCHED_DESKTOP_FILE', '/var/lib/snapd/desktop/applications/code_code.desktop'), ('ROS_PYTHON_VERSION', '3'), ('GNOME_SHELL_SESSION_MODE', 'ubuntu'), ('GTK_MODULES', 'gail:atk-bridge'), ('GSETTINGS_SCHEMA_DIR_VSCODE_SNAP_ORIG', ''), ('VSCODE_GIT_ASKPASS_MAIN', '/snap/code/174/usr/share/code/resources/app/extensions/git/dist/askpass-main.js'), ('LC_MONETARY', 'zh_CN.UTF-8'), ('VSCODE_GIT_ASKPASS_NODE', '/snap/code/174/usr/share/code/code'), ('MANAGERPID', '1812'), ('SYSTEMD_EXEC_PID', '1994'), ('IM_CONFIG_CHECK_ENV', '1'), ('DBUS_SESSION_BUS_ADDRESS', 'unix:path=/run/user/1000/bus'), ('COLORTERM', 'truecolor'), ('GIO_LAUNCHED_DESKTOP_FILE_PID', '13212'), ('IM_CONFIG_PHASE', '1'), ('WAYLAND_DISPLAY', 'wayland-0'), ('COLCON_PREFIX_PATH', '/home/zsy/sy_git/ROS2/CHAPT3_WS/topic_practice_ws/install'), ('ROS_DISTRO', 'humble'), ('LOGNAME', 'zsy'), ('JOURNAL_STREAM', '8:27789'), ('_', '/usr/bin/colcon'), ('ROS_VERSION', '2'), ('XDG_CONFIG_DIRS_VSCODE_SNAP_ORIG', '/etc/xdg/xdg-ubuntu:/etc/xdg'), ('XDG_SESSION_CLASS', 'user'), ('XDG_DATA_DIRS_VSCODE_SNAP_ORIG', '/usr/share/ubuntu:/usr/local/share/:/usr/share/:/var/lib/snapd/desktop'), ('USERNAME', 'zsy'), ('TERM', 'xterm-256color'), ('GNOME_DESKTOP_SESSION_ID', 'this-is-deprecated'), ('ROS_LOCALHOST_ONLY', '0'), ('PATH', '/opt/ros/humble/bin:/usr/local/sbin:/usr/local/bin:/usr/sbin:/usr/bin:/sbin:/bin:/usr/games:/usr/local/games:/snap/bin:/snap/bin'), ('SESSION_MANAGER', 'local/zsy:@/tmp/.ICE-unix/1966,unix/zsy:/tmp/.ICE-unix/1966'), ('GTK_EXE_PREFIX', '/snap/code/174/usr'), ('INVOCATION_ID', '8602ecc12bab47ff9ca2a1f21fb3b74d'), ('PAPERSIZE', 'a4'), ('XDG_MENU_PREFIX', 'gnome-'), ('LC_ADDRESS', 'zh_CN.UTF-8'), ('BAMF_DESKTOP_FILE_HINT', '/var/lib/snapd/desktop/applications/code_code.desktop'), ('GNOME_SETUP_DISPLAY', ':1'), ('XDG_RUNTIME_DIR', '/run/user/1000'), ('GDK_BACKEND', 'x11'), ('DISPLAY', ':0'), ('LOCPATH', '/snap/code/174/usr/lib/locale'), ('LANG', 'zh_CN.UTF-8'), ('XDG_CURRENT_DESKTOP', 'Unity'), ('LC_TELEPHONE', 'zh_CN.UTF-8'), ('GIO_MODULE_DIR_VSCODE_SNAP_ORIG', ''), ('XDG_DATA_HOME', '/home/zsy/snap/code/174/.local/share'), ('XMODIFIERS', '@im=ibus'), ('XDG_SESSION_DESKTOP', 'ubuntu'), ('XAUTHORITY', '/run/user/1000/.mutter-Xwaylandauth.VGA6W2'), ('LS_COLORS', 'rs=0:di=01;34:ln=01;36:mh=00:pi=40;33:so=01;35:do=01;35:bd=40;33;01:cd=40;33;01:or=40;31;01:mi=00:su=37;41:sg=30;43:ca=30;41:tw=30;42:ow=34;42:st=37;44:ex=01;32:*.tar=01;31:*.tgz=01;31:*.arc=01;31:*.arj=01;31:*.taz=01;31:*.lha=01;31:*.lz4=01;31:*.lzh=01;31:*.lzma=01;31:*.tlz=01;31:*.txz=01;31:*.tzo=01;31:*.t7z=01;31:*.zip=01;31:*.z=01;31:*.dz=01;31:*.gz=01;31:*.lrz=01;31:*.lz=01;31:*.lzo=01;31:*.xz=01;31:*.zst=01;31:*.tzst=01;31:*.bz2=01;31:*.bz=01;31:*.tbz=01;31:*.tbz2=01;31:*.tz=01;31:*.deb=01;31:*.rpm=01;31:*.jar=01;31:*.war=01;31:*.ear=01;31:*.sar=01;31:*.rar=01;31:*.alz=01;31:*.ace=01;31:*.zoo=01;31:*.cpio=01;31:*.7z=01;31:*.rz=01;31:*.cab=01;31:*.wim=01;31:*.swm=01;31:*.dwm=01;31:*.esd=01;31:*.jpg=01;35:*.jpeg=01;35:*.mjpg=01;35:*.mjpeg=01;35:*.gif=01;35:*.bmp=01;35:*.pbm=01;35:*.pgm=01;35:*.ppm=01;35:*.tga=01;35:*.xbm=01;35:*.xpm=01;35:*.tif=01;35:*.tiff=01;35:*.png=01;35:*.svg=01;35:*.svgz=01;35:*.mng=01;35:*.pcx=01;35:*.mov=01;35:*.mpg=01;35:*.mpeg=01;35:*.m2v=01;35:*.mkv=01;35:*.webm=01;35:*.webp=01;35:*.ogm=01;35:*.mp4=01;35:*.m4v=01;35:*.mp4v=01;35:*.vob=01;35:*.qt=01;35:*.nuv=01;35:*.wmv=01;35:*.asf=01;35:*.rm=01;35:*.rmvb=01;35:*.flc=01;35:*.avi=01;35:*.fli=01;35:*.flv=01;35:*.gl=01;35:*.dl=01;35:*.xcf=01;35:*.xwd=01;35:*.yuv=01;35:*.cgm=01;35:*.emf=01;35:*.ogv=01;35:*.ogx=01;35:*.aac=00;36:*.au=00;36:*.flac=00;36:*.m4a=00;36:*.mid=00;36:*.midi=00;36:*.mka=00;36:*.mp3=00;36:*.mpc=00;36:*.ogg=00;36:*.ra=00;36:*.wav=00;36:*.oga=00;36:*.opus=00;36:*.spx=00;36:*.xspf=00;36:'), ('VSCODE_GIT_IPC_HANDLE', '/run/user/1000/vscode-git-ad11f07be2.sock'), ('TERM_PROGRAM', 'vscode'), ('SSH_AGENT_LAUNCHER', 'gnome-keyring'), ('SSH_AUTH_SOCK', '/run/user/1000/keyring/ssh'), ('GSETTINGS_SCHEMA_DIR', '/home/zsy/snap/code/174/.local/share/glib-2.0/schemas'), ('AMENT_PREFIX_PATH', '/home/zsy/sy_git/ROS2/CHAPT3_WS/topic_practice_ws/install/status_publisher:/home/zsy/sy_git/ROS2/CHAPT3_WS/topic_practice_ws/install/status_display:/home/zsy/sy_git/ROS2/CHAPT3_WS/topic_practice_ws/install/status_interfaces:/opt/ros/humble'), ('ORIGINAL_XDG_CURRENT_DESKTOP', 'ubuntu:GNOME'), ('SHELL', '/bin/bash'), ('LC_NAME', 'zh_CN.UTF-8'), ('QT_ACCESSIBILITY', '1'), ('GDMSESSION', 'ubuntu'), ('LESSCLOSE', '/usr/bin/lesspipe %s %s'), ('GTK_PATH_VSCODE_SNAP_ORIG', ''), ('GTK_IM_MODULE_FILE_VSCODE_SNAP_ORIG', ''), ('LC_MEASUREMENT', 'zh_CN.UTF-8'), ('GJS_DEBUG_OUTPUT', 'stderr'), ('LC_IDENTIFICATION', 'zh_CN.UTF-8'), ('VSCODE_GIT_ASKPASS_EXTRA_ARGS', ''), ('QT_IM_MODULE', 'ibus'), ('PWD', '/home/zsy/sy_git/ROS2/CHAPT3_WS/topic_practice_ws/build/status_display'), ('LC_ALL', 'en_US.UTF-8'), ('XDG_CONFIG_DIRS', '/etc/xdg/xdg-ubuntu:/etc/xdg'), ('XDG_DATA_DIRS', '/home/zsy/snap/code/174/.local/share:/home/zsy/snap/code/174:/snap/code/174/usr/share:/usr/share/ubuntu:/usr/local/share/:/usr/share/:/var/lib/snapd/desktop'), ('PYTHONPATH', '/home/zsy/sy_git/ROS2/CHAPT3_WS/topic_practice_ws/install/status_publisher/lib/python3.10/site-packages:/home/zsy/sy_git/ROS2/CHAPT3_WS/topic_practice_ws/install/status_interfaces/local/lib/python3.10/dist-packages:/opt/ros/humble/lib/python3.10/site-packages:/opt/ros/humble/local/lib/python3.10/dist-packages'), ('LC_NUMERIC', 'zh_CN.UTF-8'), ('LC_PAPER', 'zh_CN.UTF-8'), ('COLCON', '1'), ('CMAKE_PREFIX_PATH', '/home/zsy/sy_git/ROS2/CHAPT3_WS/topic_practice_ws/install/status_interfaces:/home/zsy/sy_git/ROS2/CHAPT3_WS/topic_practice_ws/install/status_display:/home/zsy/sy_git/ROS2/CHAPT3_WS/topic_practice_ws/install/status_publisher:/opt/ros/humble')]), 'shell': False}
[2.709338] (status_display) StdoutLine: {'line': b'-- The C compiler identification is GNU 11.4.0\n'}
[2.724890] (-) TimerEvent: {}
[2.757722] (status_display) StdoutLine: {'line': b'-- The CXX compiler identification is GNU 11.4.0\n'}
[2.763625] (status_display) StdoutLine: {'line': b'-- Detecting C compiler ABI info\n'}
[2.820762] (status_display) StdoutLine: {'line': b'-- Detecting C compiler ABI info - done\n'}
[2.824491] (status_display) StdoutLine: {'line': b'-- Check for working C compiler: /usr/bin/cc - skipped\n'}
[2.824909] (status_display) StdoutLine: {'line': b'-- Detecting C compile features\n'}
[2.824986] (-) TimerEvent: {}
[2.825763] (status_display) StdoutLine: {'line': b'-- Detecting C compile features - done\n'}
[2.826853] (status_display) StdoutLine: {'line': b'-- Detecting CXX compiler ABI info\n'}
[2.891389] (status_display) StdoutLine: {'line': b'-- Detecting CXX compiler ABI info - done\n'}
[2.901443] (status_display) StdoutLine: {'line': b'-- Check for working CXX compiler: /usr/bin/c++ - skipped\n'}
[2.901546] (status_display) StdoutLine: {'line': b'-- Detecting CXX compile features\n'}
[2.901578] (status_display) StdoutLine: {'line': b'-- Detecting CXX compile features - done\n'}
[2.901603] (status_display) StdoutLine: {'line': b'-- Found ament_cmake: 1.3.10 (/opt/ros/humble/share/ament_cmake/cmake)\n'}
[2.925734] (-) TimerEvent: {}
[2.981463] (status_publisher) Command: {'cmd': ['/usr/bin/python3', '-W', 'ignore:setup.py install is deprecated', 'setup.py', 'egg_info', '--egg-base', '../../build/status_publisher', 'build', '--build-base', '/home/zsy/sy_git/ROS2/CHAPT3_WS/topic_practice_ws/build/status_publisher/build', 'install', '--record', '/home/zsy/sy_git/ROS2/CHAPT3_WS/topic_practice_ws/build/status_publisher/install.log', '--single-version-externally-managed', 'install_data'], 'cwd': '/home/zsy/sy_git/ROS2/CHAPT3_WS/topic_practice_ws/src/status_publisher', 'env': {'GJS_DEBUG_TOPICS': 'JS ERROR;JS LOG', 'LESSOPEN': '| /usr/bin/lesspipe %s', 'LANGUAGE': 'zh_CN:en_US:en', 'USER': 'zsy', 'LC_TIME': 'zh_CN.UTF-8', 'GIO_MODULE_DIR': '/home/zsy/snap/code/common/.cache/gio-modules', 'XDG_SESSION_TYPE': 'wayland', 'GIT_ASKPASS': '/snap/code/174/usr/share/code/resources/app/extensions/git/dist/askpass.sh', 'GTK_EXE_PREFIX_VSCODE_SNAP_ORIG': '', 'GDK_BACKEND_VSCODE_SNAP_ORIG': '', 'SHLVL': '1', 'LD_LIBRARY_PATH': '/home/zsy/sy_git/ROS2/CHAPT3_WS/topic_practice_ws/install/status_interfaces/lib:/opt/ros/humble/opt/rviz_ogre_vendor/lib:/opt/ros/humble/lib/x86_64-linux-gnu:/opt/ros/humble/lib', 'HOME': '/home/zsy', 'CHROME_DESKTOP': 'code.desktop', 'LOCPATH_VSCODE_SNAP_ORIG': '', 'TERM_PROGRAM_VERSION': '1.95.1', 'DESKTOP_SESSION': 'ubuntu', 'GTK_PATH': '/snap/code/174/usr/lib/x86_64-linux-gnu/gtk-3.0', 'GTK_IM_MODULE_FILE': '/home/zsy/snap/code/common/.cache/immodules/immodules.cache', 'GIO_LAUNCHED_DESKTOP_FILE': '/var/lib/snapd/desktop/applications/code_code.desktop', 'ROS_PYTHON_VERSION': '3', 'GNOME_SHELL_SESSION_MODE': 'ubuntu', 'GTK_MODULES': 'gail:atk-bridge', 'GSETTINGS_SCHEMA_DIR_VSCODE_SNAP_ORIG': '', 'VSCODE_GIT_ASKPASS_MAIN': '/snap/code/174/usr/share/code/resources/app/extensions/git/dist/askpass-main.js', 'LC_MONETARY': 'zh_CN.UTF-8', 'VSCODE_GIT_ASKPASS_NODE': '/snap/code/174/usr/share/code/code', 'MANAGERPID': '1812', 'SYSTEMD_EXEC_PID': '1994', 'IM_CONFIG_CHECK_ENV': '1', 'DBUS_SESSION_BUS_ADDRESS': 'unix:path=/run/user/1000/bus', 'COLORTERM': 'truecolor', 'GIO_LAUNCHED_DESKTOP_FILE_PID': '13212', 'IM_CONFIG_PHASE': '1', 'WAYLAND_DISPLAY': 'wayland-0', 'COLCON_PREFIX_PATH': '/home/zsy/sy_git/ROS2/CHAPT3_WS/topic_practice_ws/install', 'ROS_DISTRO': 'humble', 'LOGNAME': 'zsy', 'JOURNAL_STREAM': '8:27789', '_': '/usr/bin/colcon', 'ROS_VERSION': '2', 'XDG_CONFIG_DIRS_VSCODE_SNAP_ORIG': '/etc/xdg/xdg-ubuntu:/etc/xdg', 'XDG_SESSION_CLASS': 'user', 'XDG_DATA_DIRS_VSCODE_SNAP_ORIG': '/usr/share/ubuntu:/usr/local/share/:/usr/share/:/var/lib/snapd/desktop', 'USERNAME': 'zsy', 'TERM': 'xterm-256color', 'GNOME_DESKTOP_SESSION_ID': 'this-is-deprecated', 'ROS_LOCALHOST_ONLY': '0', 'PATH': '/opt/ros/humble/bin:/usr/local/sbin:/usr/local/bin:/usr/sbin:/usr/bin:/sbin:/bin:/usr/games:/usr/local/games:/snap/bin:/snap/bin', 'SESSION_MANAGER': 'local/zsy:@/tmp/.ICE-unix/1966,unix/zsy:/tmp/.ICE-unix/1966', 'GTK_EXE_PREFIX': '/snap/code/174/usr', 'INVOCATION_ID': '8602ecc12bab47ff9ca2a1f21fb3b74d', 'PAPERSIZE': 'a4', 'XDG_MENU_PREFIX': 'gnome-', 'LC_ADDRESS': 'zh_CN.UTF-8', 'BAMF_DESKTOP_FILE_HINT': '/var/lib/snapd/desktop/applications/code_code.desktop', 'GNOME_SETUP_DISPLAY': ':1', 'XDG_RUNTIME_DIR': '/run/user/1000', 'GDK_BACKEND': 'x11', 'DISPLAY': ':0', 'LOCPATH': '/snap/code/174/usr/lib/locale', 'LANG': 'zh_CN.UTF-8', 'XDG_CURRENT_DESKTOP': 'Unity', 'LC_TELEPHONE': 'zh_CN.UTF-8', 'GIO_MODULE_DIR_VSCODE_SNAP_ORIG': '', 'XDG_DATA_HOME': '/home/zsy/snap/code/174/.local/share', 'XMODIFIERS': '@im=ibus', 'XDG_SESSION_DESKTOP': 'ubuntu', 'XAUTHORITY': '/run/user/1000/.mutter-Xwaylandauth.VGA6W2', 'LS_COLORS': 'rs=0:di=01;34:ln=01;36:mh=00:pi=40;33:so=01;35:do=01;35:bd=40;33;01:cd=40;33;01:or=40;31;01:mi=00:su=37;41:sg=30;43:ca=30;41:tw=30;42:ow=34;42:st=37;44:ex=01;32:*.tar=01;31:*.tgz=01;31:*.arc=01;31:*.arj=01;31:*.taz=01;31:*.lha=01;31:*.lz4=01;31:*.lzh=01;31:*.lzma=01;31:*.tlz=01;31:*.txz=01;31:*.tzo=01;31:*.t7z=01;31:*.zip=01;31:*.z=01;31:*.dz=01;31:*.gz=01;31:*.lrz=01;31:*.lz=01;31:*.lzo=01;31:*.xz=01;31:*.zst=01;31:*.tzst=01;31:*.bz2=01;31:*.bz=01;31:*.tbz=01;31:*.tbz2=01;31:*.tz=01;31:*.deb=01;31:*.rpm=01;31:*.jar=01;31:*.war=01;31:*.ear=01;31:*.sar=01;31:*.rar=01;31:*.alz=01;31:*.ace=01;31:*.zoo=01;31:*.cpio=01;31:*.7z=01;31:*.rz=01;31:*.cab=01;31:*.wim=01;31:*.swm=01;31:*.dwm=01;31:*.esd=01;31:*.jpg=01;35:*.jpeg=01;35:*.mjpg=01;35:*.mjpeg=01;35:*.gif=01;35:*.bmp=01;35:*.pbm=01;35:*.pgm=01;35:*.ppm=01;35:*.tga=01;35:*.xbm=01;35:*.xpm=01;35:*.tif=01;35:*.tiff=01;35:*.png=01;35:*.svg=01;35:*.svgz=01;35:*.mng=01;35:*.pcx=01;35:*.mov=01;35:*.mpg=01;35:*.mpeg=01;35:*.m2v=01;35:*.mkv=01;35:*.webm=01;35:*.webp=01;35:*.ogm=01;35:*.mp4=01;35:*.m4v=01;35:*.mp4v=01;35:*.vob=01;35:*.qt=01;35:*.nuv=01;35:*.wmv=01;35:*.asf=01;35:*.rm=01;35:*.rmvb=01;35:*.flc=01;35:*.avi=01;35:*.fli=01;35:*.flv=01;35:*.gl=01;35:*.dl=01;35:*.xcf=01;35:*.xwd=01;35:*.yuv=01;35:*.cgm=01;35:*.emf=01;35:*.ogv=01;35:*.ogx=01;35:*.aac=00;36:*.au=00;36:*.flac=00;36:*.m4a=00;36:*.mid=00;36:*.midi=00;36:*.mka=00;36:*.mp3=00;36:*.mpc=00;36:*.ogg=00;36:*.ra=00;36:*.wav=00;36:*.oga=00;36:*.opus=00;36:*.spx=00;36:*.xspf=00;36:', 'VSCODE_GIT_IPC_HANDLE': '/run/user/1000/vscode-git-ad11f07be2.sock', 'TERM_PROGRAM': 'vscode', 'SSH_AGENT_LAUNCHER': 'gnome-keyring', 'SSH_AUTH_SOCK': '/run/user/1000/keyring/ssh', 'GSETTINGS_SCHEMA_DIR': '/home/zsy/snap/code/174/.local/share/glib-2.0/schemas', 'AMENT_PREFIX_PATH': '/home/zsy/sy_git/ROS2/CHAPT3_WS/topic_practice_ws/install/status_publisher:/home/zsy/sy_git/ROS2/CHAPT3_WS/topic_practice_ws/install/status_display:/home/zsy/sy_git/ROS2/CHAPT3_WS/topic_practice_ws/install/status_interfaces:/opt/ros/humble', 'ORIGINAL_XDG_CURRENT_DESKTOP': 'ubuntu:GNOME', 'SHELL': '/bin/bash', 'LC_NAME': 'zh_CN.UTF-8', 'QT_ACCESSIBILITY': '1', 'GDMSESSION': 'ubuntu', 'LESSCLOSE': '/usr/bin/lesspipe %s %s', 'GTK_PATH_VSCODE_SNAP_ORIG': '', 'GTK_IM_MODULE_FILE_VSCODE_SNAP_ORIG': '', 'LC_MEASUREMENT': 'zh_CN.UTF-8', 'GJS_DEBUG_OUTPUT': 'stderr', 'LC_IDENTIFICATION': 'zh_CN.UTF-8', 'VSCODE_GIT_ASKPASS_EXTRA_ARGS': '', 'QT_IM_MODULE': 'ibus', 'PWD': '/home/zsy/sy_git/ROS2/CHAPT3_WS/topic_practice_ws/build/status_publisher', 'LC_ALL': 'en_US.UTF-8', 'XDG_CONFIG_DIRS': '/etc/xdg/xdg-ubuntu:/etc/xdg', 'XDG_DATA_DIRS': '/home/zsy/snap/code/174/.local/share:/home/zsy/snap/code/174:/snap/code/174/usr/share:/usr/share/ubuntu:/usr/local/share/:/usr/share/:/var/lib/snapd/desktop', 'PYTHONPATH': '/home/zsy/sy_git/ROS2/CHAPT3_WS/topic_practice_ws/build/status_publisher/prefix_override:/usr/lib/python3/dist-packages/colcon_core/task/python/colcon_distutils_commands:/home/zsy/sy_git/ROS2/CHAPT3_WS/topic_practice_ws/install/status_publisher/lib/python3.10/site-packages:/home/zsy/sy_git/ROS2/CHAPT3_WS/topic_practice_ws/install/status_publisher/lib/python3.10/site-packages:/home/zsy/sy_git/ROS2/CHAPT3_WS/topic_practice_ws/install/status_interfaces/local/lib/python3.10/dist-packages:/opt/ros/humble/lib/python3.10/site-packages:/opt/ros/humble/local/lib/python3.10/dist-packages', 'LC_NUMERIC': 'zh_CN.UTF-8', 'LC_PAPER': 'zh_CN.UTF-8', 'COLCON': '1', 'CMAKE_PREFIX_PATH': '/home/zsy/sy_git/ROS2/CHAPT3_WS/topic_practice_ws/install/status_interfaces:/home/zsy/sy_git/ROS2/CHAPT3_WS/topic_practice_ws/install/status_display'}, 'shell': False}
[2.996509] (status_display) StdoutLine: {'line': b'-- Found Python3: /usr/bin/python3 (found version "3.10.12") found components: Interpreter \n'}
[3.026716] (-) TimerEvent: {}
[3.056095] (status_display) StdoutLine: {'line': b'-- Found rclcpp: 16.0.10 (/opt/ros/humble/share/rclcpp/cmake)\n'}
[3.081395] (status_display) StdoutLine: {'line': b'-- Found rosidl_generator_c: 3.1.5 (/opt/ros/humble/share/rosidl_generator_c/cmake)\n'}
[3.084474] (status_display) StdoutLine: {'line': b'-- Found rosidl_adapter: 3.1.5 (/opt/ros/humble/share/rosidl_adapter/cmake)\n'}
[3.090324] (status_display) StdoutLine: {'line': b'-- Found rosidl_generator_cpp: 3.1.5 (/opt/ros/humble/share/rosidl_generator_cpp/cmake)\n'}
[3.097404] (status_display) StdoutLine: {'line': b'-- Using all available rosidl_typesupport_c: rosidl_typesupport_fastrtps_c;rosidl_typesupport_introspection_c\n'}
[3.105403] (status_publisher) StdoutLine: {'line': b'running egg_info\n'}
[3.105534] (status_publisher) StdoutLine: {'line': b'creating ../../build/status_publisher/status_publisher.egg-info\n'}
[3.105630] (status_publisher) StdoutLine: {'line': b'writing ../../build/status_publisher/status_publisher.egg-info/PKG-INFO\n'}
[3.105660] (status_publisher) StdoutLine: {'line': b'writing dependency_links to ../../build/status_publisher/status_publisher.egg-info/dependency_links.txt\n'}
[3.105712] (status_publisher) StdoutLine: {'line': b'writing entry points to ../../build/status_publisher/status_publisher.egg-info/entry_points.txt\n'}
[3.105756] (status_publisher) StdoutLine: {'line': b'writing requirements to ../../build/status_publisher/status_publisher.egg-info/requires.txt\n'}
[3.105797] (status_publisher) StdoutLine: {'line': b'writing top-level names to ../../build/status_publisher/status_publisher.egg-info/top_level.txt\n'}
[3.105860] (status_publisher) StdoutLine: {'line': b"writing manifest file '../../build/status_publisher/status_publisher.egg-info/SOURCES.txt'\n"}
[3.105902] (status_publisher) StdoutLine: {'line': b"reading manifest file '../../build/status_publisher/status_publisher.egg-info/SOURCES.txt'\n"}
[3.105974] (status_publisher) StdoutLine: {'line': b"adding license file 'LICENSE'\n"}
[3.105998] (status_publisher) StdoutLine: {'line': b"writing manifest file '../../build/status_publisher/status_publisher.egg-info/SOURCES.txt'\n"}
[3.106020] (status_publisher) StdoutLine: {'line': b'running build\n'}
[3.106287] (status_publisher) StdoutLine: {'line': b'running build_py\n'}
[3.106322] (status_publisher) StdoutLine: {'line': b'creating /home/zsy/sy_git/ROS2/CHAPT3_WS/topic_practice_ws/build/status_publisher/build\n'}
[3.106348] (status_publisher) StdoutLine: {'line': b'creating /home/zsy/sy_git/ROS2/CHAPT3_WS/topic_practice_ws/build/status_publisher/build/lib\n'}
[3.106372] (status_publisher) StdoutLine: {'line': b'creating /home/zsy/sy_git/ROS2/CHAPT3_WS/topic_practice_ws/build/status_publisher/build/lib/status_publisher\n'}
[3.106395] (status_publisher) StdoutLine: {'line': b'copying status_publisher/__init__.py -> /home/zsy/sy_git/ROS2/CHAPT3_WS/topic_practice_ws/build/status_publisher/build/lib/status_publisher\n'}
[3.106417] (status_publisher) StdoutLine: {'line': b'copying status_publisher/sys_status_pub.py -> /home/zsy/sy_git/ROS2/CHAPT3_WS/topic_practice_ws/build/status_publisher/build/lib/status_publisher\n'}
[3.106439] (status_publisher) StdoutLine: {'line': b'running install\n'}
[3.106460] (status_publisher) StdoutLine: {'line': b'running install_lib\n'}
[3.106630] (status_publisher) StdoutLine: {'line': b'creating /home/zsy/sy_git/ROS2/CHAPT3_WS/topic_practice_ws/install/status_publisher/lib/python3.10/site-packages/status_publisher\n'}
[3.106685] (status_publisher) StdoutLine: {'line': b'copying /home/zsy/sy_git/ROS2/CHAPT3_WS/topic_practice_ws/build/status_publisher/build/lib/status_publisher/__init__.py -> /home/zsy/sy_git/ROS2/CHAPT3_WS/topic_practice_ws/install/status_publisher/lib/python3.10/site-packages/status_publisher\n'}
[3.106801] (status_publisher) StdoutLine: {'line': b'copying /home/zsy/sy_git/ROS2/CHAPT3_WS/topic_practice_ws/build/status_publisher/build/lib/status_publisher/sys_status_pub.py -> /home/zsy/sy_git/ROS2/CHAPT3_WS/topic_practice_ws/install/status_publisher/lib/python3.10/site-packages/status_publisher\n'}
[3.107148] (status_publisher) StdoutLine: {'line': b'byte-compiling /home/zsy/sy_git/ROS2/CHAPT3_WS/topic_practice_ws/install/status_publisher/lib/python3.10/site-packages/status_publisher/__init__.py to __init__.cpython-310.pyc\n'}
[3.107346] (status_publisher) StdoutLine: {'line': b'byte-compiling /home/zsy/sy_git/ROS2/CHAPT3_WS/topic_practice_ws/install/status_publisher/lib/python3.10/site-packages/status_publisher/sys_status_pub.py to sys_status_pub.cpython-310.pyc\n'}
[3.108347] (status_display) StdoutLine: {'line': b'-- Using all available rosidl_typesupport_cpp: rosidl_typesupport_fastrtps_cpp;rosidl_typesupport_introspection_cpp\n'}
[3.108440] (status_publisher) StdoutLine: {'line': b'running install_data\n'}
[3.108471] (status_publisher) StdoutLine: {'line': b'creating /home/zsy/sy_git/ROS2/CHAPT3_WS/topic_practice_ws/install/status_publisher/share/ament_index\n'}
[3.108495] (status_publisher) StdoutLine: {'line': b'creating /home/zsy/sy_git/ROS2/CHAPT3_WS/topic_practice_ws/install/status_publisher/share/ament_index/resource_index\n'}
[3.108517] (status_publisher) StdoutLine: {'line': b'creating /home/zsy/sy_git/ROS2/CHAPT3_WS/topic_practice_ws/install/status_publisher/share/ament_index/resource_index/packages\n'}
[3.108539] (status_publisher) StdoutLine: {'line': b'copying resource/status_publisher -> /home/zsy/sy_git/ROS2/CHAPT3_WS/topic_practice_ws/install/status_publisher/share/ament_index/resource_index/packages\n'}
[3.108568] (status_publisher) StdoutLine: {'line': b'copying package.xml -> /home/zsy/sy_git/ROS2/CHAPT3_WS/topic_practice_ws/install/status_publisher/share/status_publisher\n'}
[3.108589] (status_publisher) StdoutLine: {'line': b'running install_egg_info\n'}
[3.109945] (status_publisher) StdoutLine: {'line': b'Copying ../../build/status_publisher/status_publisher.egg-info to /home/zsy/sy_git/ROS2/CHAPT3_WS/topic_practice_ws/install/status_publisher/lib/python3.10/site-packages/status_publisher-0.0.0-py3.10.egg-info\n'}
[3.110012] (status_publisher) StdoutLine: {'line': b'running install_scripts\n'}
[3.120838] (status_publisher) StdoutLine: {'line': b'Installing sys_status_pub script to /home/zsy/sy_git/ROS2/CHAPT3_WS/topic_practice_ws/install/status_publisher/lib/status_publisher\n'}
[3.120950] (status_publisher) StdoutLine: {'line': b"writing list of installed files to '/home/zsy/sy_git/ROS2/CHAPT3_WS/topic_practice_ws/build/status_publisher/install.log'\n"}
[3.127312] (-) TimerEvent: {}
[3.136397] (status_publisher) CommandEnded: {'returncode': 0}
[3.136612] (status_display) StdoutLine: {'line': b'-- Found rmw_implementation_cmake: 6.1.2 (/opt/ros/humble/share/rmw_implementation_cmake/cmake)\n'}
[3.137576] (status_display) StdoutLine: {'line': b'-- Found rmw_fastrtps_cpp: 6.2.7 (/opt/ros/humble/share/rmw_fastrtps_cpp/cmake)\n'}
[3.139695] (status_publisher) JobEnded: {'identifier': 'status_publisher', 'rc': 0}
[3.204391] (status_display) StdoutLine: {'line': b'-- Found OpenSSL: /usr/lib/x86_64-linux-gnu/libcrypto.so (found version "3.0.2")  \n'}
[3.220678] (status_display) StdoutLine: {'line': b'-- Found FastRTPS: /opt/ros/humble/include  \n'}
[3.227942] (-) TimerEvent: {}
[3.245886] (status_display) StdoutLine: {'line': b"-- Using RMW implementation 'rmw_fastrtps_cpp' as default\n"}
[3.251299] (status_display) StdoutLine: {'line': b'-- Looking for pthread.h\n'}
[3.308816] (status_display) StdoutLine: {'line': b'-- Looking for pthread.h - found\n'}
[3.308991] (status_display) StdoutLine: {'line': b'-- Performing Test CMAKE_HAVE_LIBC_PTHREAD\n'}
[3.328606] (-) TimerEvent: {}
[3.367399] (status_display) StdoutLine: {'line': b'-- Performing Test CMAKE_HAVE_LIBC_PTHREAD - Success\n'}
[3.368066] (status_display) StdoutLine: {'line': b'-- Found Threads: TRUE  \n'}
[3.395843] (status_display) StdoutLine: {'line': b'-- Found status_interfaces: 0.0.0 (/home/zsy/sy_git/ROS2/CHAPT3_WS/topic_practice_ws/install/status_interfaces/share/status_interfaces/cmake)\n'}
[3.409837] (status_display) StdoutLine: {'line': b'-- Found ament_lint_auto: 0.12.11 (/opt/ros/humble/share/ament_lint_auto/cmake)\n'}
[3.430203] (-) TimerEvent: {}
[3.459181] (status_display) StdoutLine: {'line': b"-- Added test 'cppcheck' to perform static code analysis on C / C++ code\n"}
[3.459318] (status_display) StdoutLine: {'line': b'-- Configured cppcheck include dirs: \n'}
[3.459350] (status_display) StdoutLine: {'line': b'-- Configured cppcheck exclude dirs and/or files: \n'}
[3.459759] (status_display) StdoutLine: {'line': b"-- Added test 'lint_cmake' to check CMake code style\n"}
[3.460847] (status_display) StdoutLine: {'line': b"-- Added test 'uncrustify' to check C / C++ code style\n"}
[3.460906] (status_display) StdoutLine: {'line': b'-- Configured uncrustify additional arguments: \n'}
[3.461282] (status_display) StdoutLine: {'line': b"-- Added test 'xmllint' to check XML markup files\n"}
[3.462348] (status_display) StdoutLine: {'line': b'-- Configuring done\n'}
[3.467885] (status_display) StdoutLine: {'line': b'-- Generating done\n'}
[3.469084] (status_display) StdoutLine: {'line': b'-- Build files have been written to: /home/zsy/sy_git/ROS2/CHAPT3_WS/topic_practice_ws/build/status_display\n'}
[3.476239] (status_display) CommandEnded: {'returncode': 0}
[3.476913] (status_display) JobProgress: {'identifier': 'status_display', 'progress': 'build'}
[3.477404] (status_display) Command: {'cmd': ['/usr/bin/cmake', '--build', '/home/zsy/sy_git/ROS2/CHAPT3_WS/topic_practice_ws/build/status_display', '--', '-j4', '-l4'], 'cwd': '/home/zsy/sy_git/ROS2/CHAPT3_WS/topic_practice_ws/build/status_display', 'env': OrderedDict([('GJS_DEBUG_TOPICS', 'JS ERROR;JS LOG'), ('LESSOPEN', '| /usr/bin/lesspipe %s'), ('LANGUAGE', 'zh_CN:en_US:en'), ('USER', 'zsy'), ('LC_TIME', 'zh_CN.UTF-8'), ('GIO_MODULE_DIR', '/home/zsy/snap/code/common/.cache/gio-modules'), ('XDG_SESSION_TYPE', 'wayland'), ('GIT_ASKPASS', '/snap/code/174/usr/share/code/resources/app/extensions/git/dist/askpass.sh'), ('GTK_EXE_PREFIX_VSCODE_SNAP_ORIG', ''), ('GDK_BACKEND_VSCODE_SNAP_ORIG', ''), ('SHLVL', '1'), ('LD_LIBRARY_PATH', '/home/zsy/sy_git/ROS2/CHAPT3_WS/topic_practice_ws/install/status_interfaces/lib:/opt/ros/humble/opt/rviz_ogre_vendor/lib:/opt/ros/humble/lib/x86_64-linux-gnu:/opt/ros/humble/lib'), ('HOME', '/home/zsy'), ('CHROME_DESKTOP', 'code.desktop'), ('LOCPATH_VSCODE_SNAP_ORIG', ''), ('TERM_PROGRAM_VERSION', '1.95.1'), ('DESKTOP_SESSION', 'ubuntu'), ('GTK_PATH', '/snap/code/174/usr/lib/x86_64-linux-gnu/gtk-3.0'), ('GTK_IM_MODULE_FILE', '/home/zsy/snap/code/common/.cache/immodules/immodules.cache'), ('GIO_LAUNCHED_DESKTOP_FILE', '/var/lib/snapd/desktop/applications/code_code.desktop'), ('ROS_PYTHON_VERSION', '3'), ('GNOME_SHELL_SESSION_MODE', 'ubuntu'), ('GTK_MODULES', 'gail:atk-bridge'), ('GSETTINGS_SCHEMA_DIR_VSCODE_SNAP_ORIG', ''), ('VSCODE_GIT_ASKPASS_MAIN', '/snap/code/174/usr/share/code/resources/app/extensions/git/dist/askpass-main.js'), ('LC_MONETARY', 'zh_CN.UTF-8'), ('VSCODE_GIT_ASKPASS_NODE', '/snap/code/174/usr/share/code/code'), ('MANAGERPID', '1812'), ('SYSTEMD_EXEC_PID', '1994'), ('IM_CONFIG_CHECK_ENV', '1'), ('DBUS_SESSION_BUS_ADDRESS', 'unix:path=/run/user/1000/bus'), ('COLORTERM', 'truecolor'), ('GIO_LAUNCHED_DESKTOP_FILE_PID', '13212'), ('IM_CONFIG_PHASE', '1'), ('WAYLAND_DISPLAY', 'wayland-0'), ('COLCON_PREFIX_PATH', '/home/zsy/sy_git/ROS2/CHAPT3_WS/topic_practice_ws/install'), ('ROS_DISTRO', 'humble'), ('LOGNAME', 'zsy'), ('JOURNAL_STREAM', '8:27789'), ('_', '/usr/bin/colcon'), ('ROS_VERSION', '2'), ('XDG_CONFIG_DIRS_VSCODE_SNAP_ORIG', '/etc/xdg/xdg-ubuntu:/etc/xdg'), ('XDG_SESSION_CLASS', 'user'), ('XDG_DATA_DIRS_VSCODE_SNAP_ORIG', '/usr/share/ubuntu:/usr/local/share/:/usr/share/:/var/lib/snapd/desktop'), ('USERNAME', 'zsy'), ('TERM', 'xterm-256color'), ('GNOME_DESKTOP_SESSION_ID', 'this-is-deprecated'), ('ROS_LOCALHOST_ONLY', '0'), ('PATH', '/opt/ros/humble/bin:/usr/local/sbin:/usr/local/bin:/usr/sbin:/usr/bin:/sbin:/bin:/usr/games:/usr/local/games:/snap/bin:/snap/bin'), ('SESSION_MANAGER', 'local/zsy:@/tmp/.ICE-unix/1966,unix/zsy:/tmp/.ICE-unix/1966'), ('GTK_EXE_PREFIX', '/snap/code/174/usr'), ('INVOCATION_ID', '8602ecc12bab47ff9ca2a1f21fb3b74d'), ('PAPERSIZE', 'a4'), ('XDG_MENU_PREFIX', 'gnome-'), ('LC_ADDRESS', 'zh_CN.UTF-8'), ('BAMF_DESKTOP_FILE_HINT', '/var/lib/snapd/desktop/applications/code_code.desktop'), ('GNOME_SETUP_DISPLAY', ':1'), ('XDG_RUNTIME_DIR', '/run/user/1000'), ('GDK_BACKEND', 'x11'), ('DISPLAY', ':0'), ('LOCPATH', '/snap/code/174/usr/lib/locale'), ('LANG', 'zh_CN.UTF-8'), ('XDG_CURRENT_DESKTOP', 'Unity'), ('LC_TELEPHONE', 'zh_CN.UTF-8'), ('GIO_MODULE_DIR_VSCODE_SNAP_ORIG', ''), ('XDG_DATA_HOME', '/home/zsy/snap/code/174/.local/share'), ('XMODIFIERS', '@im=ibus'), ('XDG_SESSION_DESKTOP', 'ubuntu'), ('XAUTHORITY', '/run/user/1000/.mutter-Xwaylandauth.VGA6W2'), ('LS_COLORS', 'rs=0:di=01;34:ln=01;36:mh=00:pi=40;33:so=01;35:do=01;35:bd=40;33;01:cd=40;33;01:or=40;31;01:mi=00:su=37;41:sg=30;43:ca=30;41:tw=30;42:ow=34;42:st=37;44:ex=01;32:*.tar=01;31:*.tgz=01;31:*.arc=01;31:*.arj=01;31:*.taz=01;31:*.lha=01;31:*.lz4=01;31:*.lzh=01;31:*.lzma=01;31:*.tlz=01;31:*.txz=01;31:*.tzo=01;31:*.t7z=01;31:*.zip=01;31:*.z=01;31:*.dz=01;31:*.gz=01;31:*.lrz=01;31:*.lz=01;31:*.lzo=01;31:*.xz=01;31:*.zst=01;31:*.tzst=01;31:*.bz2=01;31:*.bz=01;31:*.tbz=01;31:*.tbz2=01;31:*.tz=01;31:*.deb=01;31:*.rpm=01;31:*.jar=01;31:*.war=01;31:*.ear=01;31:*.sar=01;31:*.rar=01;31:*.alz=01;31:*.ace=01;31:*.zoo=01;31:*.cpio=01;31:*.7z=01;31:*.rz=01;31:*.cab=01;31:*.wim=01;31:*.swm=01;31:*.dwm=01;31:*.esd=01;31:*.jpg=01;35:*.jpeg=01;35:*.mjpg=01;35:*.mjpeg=01;35:*.gif=01;35:*.bmp=01;35:*.pbm=01;35:*.pgm=01;35:*.ppm=01;35:*.tga=01;35:*.xbm=01;35:*.xpm=01;35:*.tif=01;35:*.tiff=01;35:*.png=01;35:*.svg=01;35:*.svgz=01;35:*.mng=01;35:*.pcx=01;35:*.mov=01;35:*.mpg=01;35:*.mpeg=01;35:*.m2v=01;35:*.mkv=01;35:*.webm=01;35:*.webp=01;35:*.ogm=01;35:*.mp4=01;35:*.m4v=01;35:*.mp4v=01;35:*.vob=01;35:*.qt=01;35:*.nuv=01;35:*.wmv=01;35:*.asf=01;35:*.rm=01;35:*.rmvb=01;35:*.flc=01;35:*.avi=01;35:*.fli=01;35:*.flv=01;35:*.gl=01;35:*.dl=01;35:*.xcf=01;35:*.xwd=01;35:*.yuv=01;35:*.cgm=01;35:*.emf=01;35:*.ogv=01;35:*.ogx=01;35:*.aac=00;36:*.au=00;36:*.flac=00;36:*.m4a=00;36:*.mid=00;36:*.midi=00;36:*.mka=00;36:*.mp3=00;36:*.mpc=00;36:*.ogg=00;36:*.ra=00;36:*.wav=00;36:*.oga=00;36:*.opus=00;36:*.spx=00;36:*.xspf=00;36:'), ('VSCODE_GIT_IPC_HANDLE', '/run/user/1000/vscode-git-ad11f07be2.sock'), ('TERM_PROGRAM', 'vscode'), ('SSH_AGENT_LAUNCHER', 'gnome-keyring'), ('SSH_AUTH_SOCK', '/run/user/1000/keyring/ssh'), ('GSETTINGS_SCHEMA_DIR', '/home/zsy/snap/code/174/.local/share/glib-2.0/schemas'), ('AMENT_PREFIX_PATH', '/home/zsy/sy_git/ROS2/CHAPT3_WS/topic_practice_ws/install/status_publisher:/home/zsy/sy_git/ROS2/CHAPT3_WS/topic_practice_ws/install/status_display:/home/zsy/sy_git/ROS2/CHAPT3_WS/topic_practice_ws/install/status_interfaces:/opt/ros/humble'), ('ORIGINAL_XDG_CURRENT_DESKTOP', 'ubuntu:GNOME'), ('SHELL', '/bin/bash'), ('LC_NAME', 'zh_CN.UTF-8'), ('QT_ACCESSIBILITY', '1'), ('GDMSESSION', 'ubuntu'), ('LESSCLOSE', '/usr/bin/lesspipe %s %s'), ('GTK_PATH_VSCODE_SNAP_ORIG', ''), ('GTK_IM_MODULE_FILE_VSCODE_SNAP_ORIG', ''), ('LC_MEASUREMENT', 'zh_CN.UTF-8'), ('GJS_DEBUG_OUTPUT', 'stderr'), ('LC_IDENTIFICATION', 'zh_CN.UTF-8'), ('VSCODE_GIT_ASKPASS_EXTRA_ARGS', ''), ('QT_IM_MODULE', 'ibus'), ('PWD', '/home/zsy/sy_git/ROS2/CHAPT3_WS/topic_practice_ws/build/status_display'), ('LC_ALL', 'en_US.UTF-8'), ('XDG_CONFIG_DIRS', '/etc/xdg/xdg-ubuntu:/etc/xdg'), ('XDG_DATA_DIRS', '/home/zsy/snap/code/174/.local/share:/home/zsy/snap/code/174:/snap/code/174/usr/share:/usr/share/ubuntu:/usr/local/share/:/usr/share/:/var/lib/snapd/desktop'), ('PYTHONPATH', '/home/zsy/sy_git/ROS2/CHAPT3_WS/topic_practice_ws/install/status_publisher/lib/python3.10/site-packages:/home/zsy/sy_git/ROS2/CHAPT3_WS/topic_practice_ws/install/status_interfaces/local/lib/python3.10/dist-packages:/opt/ros/humble/lib/python3.10/site-packages:/opt/ros/humble/local/lib/python3.10/dist-packages'), ('LC_NUMERIC', 'zh_CN.UTF-8'), ('LC_PAPER', 'zh_CN.UTF-8'), ('COLCON', '1'), ('CMAKE_PREFIX_PATH', '/home/zsy/sy_git/ROS2/CHAPT3_WS/topic_practice_ws/install/status_interfaces:/home/zsy/sy_git/ROS2/CHAPT3_WS/topic_practice_ws/install/status_display:/home/zsy/sy_git/ROS2/CHAPT3_WS/topic_practice_ws/install/status_publisher:/opt/ros/humble')]), 'shell': False}
[3.519807] (status_display) StdoutLine: {'line': b'[ 50%] \x1b[32mBuilding CXX object CMakeFiles/hello_qt.dir/src/hello_qt.cpp.o\x1b[0m\n'}
[3.534540] (-) TimerEvent: {}
[3.640199] (-) TimerEvent: {}
[3.743022] (-) TimerEvent: {}
[3.843617] (-) TimerEvent: {}
[3.944459] (-) TimerEvent: {}
[4.044965] (-) TimerEvent: {}
[4.064827] (status_display) StdoutLine: {'line': b'[100%] \x1b[32m\x1b[1mLinking CXX executable hello_qt\x1b[0m\n'}
[4.145809] (-) TimerEvent: {}
[4.230615] (status_display) StdoutLine: {'line': b'[100%] Built target hello_qt\n'}
[4.238424] (status_display) CommandEnded: {'returncode': 0}
[4.245880] (-) TimerEvent: {}
[4.256567] (status_display) JobProgress: {'identifier': 'status_display', 'progress': 'install'}
[4.256784] (status_display) Command: {'cmd': ['/usr/bin/cmake', '--install', '/home/zsy/sy_git/ROS2/CHAPT3_WS/topic_practice_ws/build/status_display'], 'cwd': '/home/zsy/sy_git/ROS2/CHAPT3_WS/topic_practice_ws/build/status_display', 'env': OrderedDict([('GJS_DEBUG_TOPICS', 'JS ERROR;JS LOG'), ('LESSOPEN', '| /usr/bin/lesspipe %s'), ('LANGUAGE', 'zh_CN:en_US:en'), ('USER', 'zsy'), ('LC_TIME', 'zh_CN.UTF-8'), ('GIO_MODULE_DIR', '/home/zsy/snap/code/common/.cache/gio-modules'), ('XDG_SESSION_TYPE', 'wayland'), ('GIT_ASKPASS', '/snap/code/174/usr/share/code/resources/app/extensions/git/dist/askpass.sh'), ('GTK_EXE_PREFIX_VSCODE_SNAP_ORIG', ''), ('GDK_BACKEND_VSCODE_SNAP_ORIG', ''), ('SHLVL', '1'), ('LD_LIBRARY_PATH', '/home/zsy/sy_git/ROS2/CHAPT3_WS/topic_practice_ws/install/status_interfaces/lib:/opt/ros/humble/opt/rviz_ogre_vendor/lib:/opt/ros/humble/lib/x86_64-linux-gnu:/opt/ros/humble/lib'), ('HOME', '/home/zsy'), ('CHROME_DESKTOP', 'code.desktop'), ('LOCPATH_VSCODE_SNAP_ORIG', ''), ('TERM_PROGRAM_VERSION', '1.95.1'), ('DESKTOP_SESSION', 'ubuntu'), ('GTK_PATH', '/snap/code/174/usr/lib/x86_64-linux-gnu/gtk-3.0'), ('GTK_IM_MODULE_FILE', '/home/zsy/snap/code/common/.cache/immodules/immodules.cache'), ('GIO_LAUNCHED_DESKTOP_FILE', '/var/lib/snapd/desktop/applications/code_code.desktop'), ('ROS_PYTHON_VERSION', '3'), ('GNOME_SHELL_SESSION_MODE', 'ubuntu'), ('GTK_MODULES', 'gail:atk-bridge'), ('GSETTINGS_SCHEMA_DIR_VSCODE_SNAP_ORIG', ''), ('VSCODE_GIT_ASKPASS_MAIN', '/snap/code/174/usr/share/code/resources/app/extensions/git/dist/askpass-main.js'), ('LC_MONETARY', 'zh_CN.UTF-8'), ('VSCODE_GIT_ASKPASS_NODE', '/snap/code/174/usr/share/code/code'), ('MANAGERPID', '1812'), ('SYSTEMD_EXEC_PID', '1994'), ('IM_CONFIG_CHECK_ENV', '1'), ('DBUS_SESSION_BUS_ADDRESS', 'unix:path=/run/user/1000/bus'), ('COLORTERM', 'truecolor'), ('GIO_LAUNCHED_DESKTOP_FILE_PID', '13212'), ('IM_CONFIG_PHASE', '1'), ('WAYLAND_DISPLAY', 'wayland-0'), ('COLCON_PREFIX_PATH', '/home/zsy/sy_git/ROS2/CHAPT3_WS/topic_practice_ws/install'), ('ROS_DISTRO', 'humble'), ('LOGNAME', 'zsy'), ('JOURNAL_STREAM', '8:27789'), ('_', '/usr/bin/colcon'), ('ROS_VERSION', '2'), ('XDG_CONFIG_DIRS_VSCODE_SNAP_ORIG', '/etc/xdg/xdg-ubuntu:/etc/xdg'), ('XDG_SESSION_CLASS', 'user'), ('XDG_DATA_DIRS_VSCODE_SNAP_ORIG', '/usr/share/ubuntu:/usr/local/share/:/usr/share/:/var/lib/snapd/desktop'), ('USERNAME', 'zsy'), ('TERM', 'xterm-256color'), ('GNOME_DESKTOP_SESSION_ID', 'this-is-deprecated'), ('ROS_LOCALHOST_ONLY', '0'), ('PATH', '/opt/ros/humble/bin:/usr/local/sbin:/usr/local/bin:/usr/sbin:/usr/bin:/sbin:/bin:/usr/games:/usr/local/games:/snap/bin:/snap/bin'), ('SESSION_MANAGER', 'local/zsy:@/tmp/.ICE-unix/1966,unix/zsy:/tmp/.ICE-unix/1966'), ('GTK_EXE_PREFIX', '/snap/code/174/usr'), ('INVOCATION_ID', '8602ecc12bab47ff9ca2a1f21fb3b74d'), ('PAPERSIZE', 'a4'), ('XDG_MENU_PREFIX', 'gnome-'), ('LC_ADDRESS', 'zh_CN.UTF-8'), ('BAMF_DESKTOP_FILE_HINT', '/var/lib/snapd/desktop/applications/code_code.desktop'), ('GNOME_SETUP_DISPLAY', ':1'), ('XDG_RUNTIME_DIR', '/run/user/1000'), ('GDK_BACKEND', 'x11'), ('DISPLAY', ':0'), ('LOCPATH', '/snap/code/174/usr/lib/locale'), ('LANG', 'zh_CN.UTF-8'), ('XDG_CURRENT_DESKTOP', 'Unity'), ('LC_TELEPHONE', 'zh_CN.UTF-8'), ('GIO_MODULE_DIR_VSCODE_SNAP_ORIG', ''), ('XDG_DATA_HOME', '/home/zsy/snap/code/174/.local/share'), ('XMODIFIERS', '@im=ibus'), ('XDG_SESSION_DESKTOP', 'ubuntu'), ('XAUTHORITY', '/run/user/1000/.mutter-Xwaylandauth.VGA6W2'), ('LS_COLORS', 'rs=0:di=01;34:ln=01;36:mh=00:pi=40;33:so=01;35:do=01;35:bd=40;33;01:cd=40;33;01:or=40;31;01:mi=00:su=37;41:sg=30;43:ca=30;41:tw=30;42:ow=34;42:st=37;44:ex=01;32:*.tar=01;31:*.tgz=01;31:*.arc=01;31:*.arj=01;31:*.taz=01;31:*.lha=01;31:*.lz4=01;31:*.lzh=01;31:*.lzma=01;31:*.tlz=01;31:*.txz=01;31:*.tzo=01;31:*.t7z=01;31:*.zip=01;31:*.z=01;31:*.dz=01;31:*.gz=01;31:*.lrz=01;31:*.lz=01;31:*.lzo=01;31:*.xz=01;31:*.zst=01;31:*.tzst=01;31:*.bz2=01;31:*.bz=01;31:*.tbz=01;31:*.tbz2=01;31:*.tz=01;31:*.deb=01;31:*.rpm=01;31:*.jar=01;31:*.war=01;31:*.ear=01;31:*.sar=01;31:*.rar=01;31:*.alz=01;31:*.ace=01;31:*.zoo=01;31:*.cpio=01;31:*.7z=01;31:*.rz=01;31:*.cab=01;31:*.wim=01;31:*.swm=01;31:*.dwm=01;31:*.esd=01;31:*.jpg=01;35:*.jpeg=01;35:*.mjpg=01;35:*.mjpeg=01;35:*.gif=01;35:*.bmp=01;35:*.pbm=01;35:*.pgm=01;35:*.ppm=01;35:*.tga=01;35:*.xbm=01;35:*.xpm=01;35:*.tif=01;35:*.tiff=01;35:*.png=01;35:*.svg=01;35:*.svgz=01;35:*.mng=01;35:*.pcx=01;35:*.mov=01;35:*.mpg=01;35:*.mpeg=01;35:*.m2v=01;35:*.mkv=01;35:*.webm=01;35:*.webp=01;35:*.ogm=01;35:*.mp4=01;35:*.m4v=01;35:*.mp4v=01;35:*.vob=01;35:*.qt=01;35:*.nuv=01;35:*.wmv=01;35:*.asf=01;35:*.rm=01;35:*.rmvb=01;35:*.flc=01;35:*.avi=01;35:*.fli=01;35:*.flv=01;35:*.gl=01;35:*.dl=01;35:*.xcf=01;35:*.xwd=01;35:*.yuv=01;35:*.cgm=01;35:*.emf=01;35:*.ogv=01;35:*.ogx=01;35:*.aac=00;36:*.au=00;36:*.flac=00;36:*.m4a=00;36:*.mid=00;36:*.midi=00;36:*.mka=00;36:*.mp3=00;36:*.mpc=00;36:*.ogg=00;36:*.ra=00;36:*.wav=00;36:*.oga=00;36:*.opus=00;36:*.spx=00;36:*.xspf=00;36:'), ('VSCODE_GIT_IPC_HANDLE', '/run/user/1000/vscode-git-ad11f07be2.sock'), ('TERM_PROGRAM', 'vscode'), ('SSH_AGENT_LAUNCHER', 'gnome-keyring'), ('SSH_AUTH_SOCK', '/run/user/1000/keyring/ssh'), ('GSETTINGS_SCHEMA_DIR', '/home/zsy/snap/code/174/.local/share/glib-2.0/schemas'), ('AMENT_PREFIX_PATH', '/home/zsy/sy_git/ROS2/CHAPT3_WS/topic_practice_ws/install/status_publisher:/home/zsy/sy_git/ROS2/CHAPT3_WS/topic_practice_ws/install/status_display:/home/zsy/sy_git/ROS2/CHAPT3_WS/topic_practice_ws/install/status_interfaces:/opt/ros/humble'), ('ORIGINAL_XDG_CURRENT_DESKTOP', 'ubuntu:GNOME'), ('SHELL', '/bin/bash'), ('LC_NAME', 'zh_CN.UTF-8'), ('QT_ACCESSIBILITY', '1'), ('GDMSESSION', 'ubuntu'), ('LESSCLOSE', '/usr/bin/lesspipe %s %s'), ('GTK_PATH_VSCODE_SNAP_ORIG', ''), ('GTK_IM_MODULE_FILE_VSCODE_SNAP_ORIG', ''), ('LC_MEASUREMENT', 'zh_CN.UTF-8'), ('GJS_DEBUG_OUTPUT', 'stderr'), ('LC_IDENTIFICATION', 'zh_CN.UTF-8'), ('VSCODE_GIT_ASKPASS_EXTRA_ARGS', ''), ('QT_IM_MODULE', 'ibus'), ('PWD', '/home/zsy/sy_git/ROS2/CHAPT3_WS/topic_practice_ws/build/status_display'), ('LC_ALL', 'en_US.UTF-8'), ('XDG_CONFIG_DIRS', '/etc/xdg/xdg-ubuntu:/etc/xdg'), ('XDG_DATA_DIRS', '/home/zsy/snap/code/174/.local/share:/home/zsy/snap/code/174:/snap/code/174/usr/share:/usr/share/ubuntu:/usr/local/share/:/usr/share/:/var/lib/snapd/desktop'), ('PYTHONPATH', '/home/zsy/sy_git/ROS2/CHAPT3_WS/topic_practice_ws/install/status_publisher/lib/python3.10/site-packages:/home/zsy/sy_git/ROS2/CHAPT3_WS/topic_practice_ws/install/status_interfaces/local/lib/python3.10/dist-packages:/opt/ros/humble/lib/python3.10/site-packages:/opt/ros/humble/local/lib/python3.10/dist-packages'), ('LC_NUMERIC', 'zh_CN.UTF-8'), ('LC_PAPER', 'zh_CN.UTF-8'), ('COLCON', '1'), ('CMAKE_PREFIX_PATH', '/home/zsy/sy_git/ROS2/CHAPT3_WS/topic_practice_ws/install/status_interfaces:/home/zsy/sy_git/ROS2/CHAPT3_WS/topic_practice_ws/install/status_display:/home/zsy/sy_git/ROS2/CHAPT3_WS/topic_practice_ws/install/status_publisher:/opt/ros/humble')]), 'shell': False}
[4.263535] (status_display) StdoutLine: {'line': b'-- Install configuration: ""\n'}
[4.263614] (status_display) StdoutLine: {'line': b'-- Installing: /home/zsy/sy_git/ROS2/CHAPT3_WS/topic_practice_ws/install/status_display/lib/status_display/hello_qt\n'}
[4.263647] (status_display) StdoutLine: {'line': b'-- Installing: /home/zsy/sy_git/ROS2/CHAPT3_WS/topic_practice_ws/install/status_display/share/ament_index/resource_index/package_run_dependencies/status_display\n'}
[4.266530] (status_display) StdoutLine: {'line': b'-- Installing: /home/zsy/sy_git/ROS2/CHAPT3_WS/topic_practice_ws/install/status_display/share/ament_index/resource_index/parent_prefix_path/status_display\n'}
[4.266623] (status_display) StdoutLine: {'line': b'-- Installing: /home/zsy/sy_git/ROS2/CHAPT3_WS/topic_practice_ws/install/status_display/share/status_display/environment/ament_prefix_path.sh\n'}
[4.266707] (status_display) StdoutLine: {'line': b'-- Installing: /home/zsy/sy_git/ROS2/CHAPT3_WS/topic_practice_ws/install/status_display/share/status_display/environment/ament_prefix_path.dsv\n'}
[4.266770] (status_display) StdoutLine: {'line': b'-- Installing: /home/zsy/sy_git/ROS2/CHAPT3_WS/topic_practice_ws/install/status_display/share/status_display/environment/path.sh\n'}
[4.266833] (status_display) StdoutLine: {'line': b'-- Installing: /home/zsy/sy_git/ROS2/CHAPT3_WS/topic_practice_ws/install/status_display/share/status_display/environment/path.dsv\n'}
[4.266894] (status_display) StdoutLine: {'line': b'-- Installing: /home/zsy/sy_git/ROS2/CHAPT3_WS/topic_practice_ws/install/status_display/share/status_display/local_setup.bash\n'}
[4.266941] (status_display) StdoutLine: {'line': b'-- Installing: /home/zsy/sy_git/ROS2/CHAPT3_WS/topic_practice_ws/install/status_display/share/status_display/local_setup.sh\n'}
[4.266994] (status_display) StdoutLine: {'line': b'-- Installing: /home/zsy/sy_git/ROS2/CHAPT3_WS/topic_practice_ws/install/status_display/share/status_display/local_setup.zsh\n'}
[4.267031] (status_display) StdoutLine: {'line': b'-- Installing: /home/zsy/sy_git/ROS2/CHAPT3_WS/topic_practice_ws/install/status_display/share/status_display/local_setup.dsv\n'}
[4.267230] (status_display) StdoutLine: {'line': b'-- Installing: /home/zsy/sy_git/ROS2/CHAPT3_WS/topic_practice_ws/install/status_display/share/status_display/package.dsv\n'}
[4.267300] (status_display) StdoutLine: {'line': b'-- Installing: /home/zsy/sy_git/ROS2/CHAPT3_WS/topic_practice_ws/install/status_display/share/ament_index/resource_index/packages/status_display\n'}
[4.267349] (status_display) StdoutLine: {'line': b'-- Installing: /home/zsy/sy_git/ROS2/CHAPT3_WS/topic_practice_ws/install/status_display/share/status_display/cmake/status_displayConfig.cmake\n'}
[4.267387] (status_display) StdoutLine: {'line': b'-- Installing: /home/zsy/sy_git/ROS2/CHAPT3_WS/topic_practice_ws/install/status_display/share/status_display/cmake/status_displayConfig-version.cmake\n'}
[4.267413] (status_display) StdoutLine: {'line': b'-- Installing: /home/zsy/sy_git/ROS2/CHAPT3_WS/topic_practice_ws/install/status_display/share/status_display/package.xml\n'}
[4.267908] (status_display) CommandEnded: {'returncode': 0}
[4.296115] (status_display) JobEnded: {'identifier': 'status_display', 'rc': 0}
[4.296622] (-) EventReactorShutdown: {}
